9;1;1201;1
13;1;306;1
17;1;101;1
4;1;852;2
14;1;5501;2
8;1;4661;2
2;1;2385;2
6;1;2699;2
15;1;4589;2
3;1;311;2
5;1;96;1
12;1;77;2
11;1;202;2
10;1;251;2
16;1;280;2
2;2;66;2
4;2;242;2
7;2;195;2
11;2;291;2
9;2;205;1
3;2;278;2
15;2;121;2
17;2;190;1
12;2;202;2
8;2;117;2
14;2;358;2
5;2;167;1
10;2;420;2
16;2;328;2
13;2;81;1
6;2;456;2
17;3;238;1
10;3;223;2
7;3;135;2
9;3;29;1
15;3;225;2
6;3;377;2
3;3;223;2
8;3;150;2
4;3;158;2
12;3;127;2
13;3;181;1
16;3;377;2
11;3;390;2
14;3;210;2
5;3;192;1
2;3;122;2
17;4;79;1
6;4;345;2
16;4;233;2
15;4;69;2
14;4;361;2
5;4;182;1
4;4;68;2
13;4;237;1
10;4;447;2
9;4;225;1
2;4;146;2
3;4;444;2
7;4;34;2
8;4;62;2
12;4;105;2
11;4;338;2
13;5;79;1
2;5;82;2
3;5;367;2
12;5;139;2
15;5;62;2
8;5;129;2
5;5;65;1
4;5;132;2
9;5;65;1
16;5;345;2
17;5;246;1
10;5;338;2
14;5;340;2
6;5;306;2
7;5;201;2
11;5;408;2
8;6;257;2
16;6;386;2
4;6;183;2
10;6;320;2
12;6;180;2
14;6;311;2
7;6;163;2
6;6;449;2
3;6;310;2
2;6;105;2
15;6;195;2
5;6;171;1
9;6;24;1
17;6;444;1
13;6;254;1
11;6;275;2
9;7;193;1
5;7;202;1
17;7;236;1
16;7;412;2
11;7;326;2
13;7;1734;1
14;7;4235;2
8;7;264;2
6;7;241;2
10;7;454;2
15;7;271;2
7;7;97;2
2;7;199;2
12;7;199;2
4;7;45;2
3;7;348;2
6;8;1872;2
14;8;1054;2
15;8;2085;2
17;8;32;1
2;8;426;2
9;8;84;1
11;8;346;2
10;8;319;2
3;8;225;2
8;8;64;2
12;8;65;2
5;8;85;1
7;8;97;2
4;8;108;2
16;8;409;2
13;8;176;1
3;9;357;2
8;9;67;2
11;9;227;2
7;9;111;2
2;9;86;2
15;9;232;2
17;9;1661;1
16;9;2748;2
9;9;155;1
14;9;271;2
13;9;124;1
12;9;84;2
5;9;69;1
6;9;270;2
10;9;337;2
4;9;157;2
13;10;77;1
14;10;246;2
3;10;379;2
5;10;256;1
16;10;336;2
17;10;246;1
11;10;320;2
10;10;402;2
6;10;378;2
8;10;145;2
9;10;35;1
4;10;107;2
7;10;349;2
2;10;473;2
4;11;180;2
15;10;3039;2
12;10;4359;2
13;11;55;1
8;11;30;2
12;11;1212;2
17;11;581;1
3;11;2139;2
11;11;310;2
14;11;462;2
6;11;273;2
9;11;154;1
7;11;95;2
2;11;136;2
5;11;165;1
15;11;1093;2
10;11;323;2
16;11;362;2
8;12;154;2
15;12;151;2
9;12;59;1
4;12;92;2
7;12;77;2
2;12;211;2
17;12;186;1
11;12;1366;2
3;12;5244;2
6;12;4978;2
5;12;31;1
14;12;375;2
13;12;71;1
10;12;270;2
12;12;271;2
16;12;366;2
10;13;349;2
9;13;219;1
2;13;265;2
5;13;37;1
11;13;2736;2
17;13;3594;1
4;13;2945;2
7;13;2414;2
15;13;67;2
6;13;397;2
3;13;230;2
14;13;1811;2
16;13;2121;2
13;13;70;1
13;14;20;1
9;14;167;1
3;14;455;2
2;14;90;2
11;14;354;2
4;14;2686;2
7;14;2084;2
12;14;4039;2
6;14;541;2
14;14;368;2
5;14;201;1
16;14;459;2
17;14;257;1
10;14;290;2
8;14;259;2
15;14;266;2
15;15;45;2
7;15;1591;2
4;15;1637;2
9;15;3750;1
11;15;262;2
2;15;144;2
3;15;271;2
12;15;237;2
13;15;166;1
16;15;447;2
5;15;85;1
10;15;250;2
14;15;306;2
8;15;163;2
17;15;154;1
6;15;365;2
4;16;87;2
6;16;340;2
17;16;202;1
16;16;440;2
10;16;334;2
9;16;247;1
11;16;308;2
15;16;90;2
3;16;310;2
13;16;46;1
14;16;400;2
2;16;785;2
12;16;202;2
5;16;44;1
8;16;3002;2
7;16;3391;2
14;17;299;2
17;17;253;1
5;17;79;1
6;17;350;2
4;17;244;2
12;17;222;2
16;17;1430;2
15;17;1539;2
8;17;237;2
11;17;336;2
7;17;204;2
9;17;190;1
13;17;23;1
3;17;362;2
2;17;117;2
10;17;381;2
10;18;295;2
12;18;215;2
17;18;104;1
13;18;201;1
6;18;332;2
2;18;176;2
9;18;23;1
4;18;62;2
11;18;441;2
14;18;210;2
7;18;276;2
16;18;290;2
5;18;110;1
15;18;230;2
3;18;323;2
8;18;192;2
7;19;1956;2
2;19;2307;2
17;19;211;1
9;19;33;1
14;19;427;2
4;19;264;2
15;19;199;2
16;19;301;2
3;19;1323;2
13;19;123;1
6;19;580;2
11;19;2503;2
5;19;252;1
12;19;168;2
8;19;192;2
10;19;292;2
2;20;245;2
17;20;205;1
13;20;94;1
12;20;161;2
10;20;297;2
4;20;170;2
14;20;276;2
8;20;205;2
9;20;96;1
16;20;342;2
3;20;230;2
5;20;59;1
11;20;332;2
7;20;344;2
15;20;173;2
6;20;352;2
8;21;225;2
14;21;1910;2
17;21;2041;1
6;21;247;2
15;21;127;2
16;21;303;2
9;21;222;1
11;21;248;2
10;21;252;2
5;21;191;1
12;21;248;2
4;21;65;2
2;21;564;2
8;22;511;2
3;21;6252;2
7;21;6329;2
5;22;522;1
3;22;440;2
7;22;367;2
6;22;208;2
15;22;190;2
14;22;285;2
16;22;400;2
12;22;220;2
13;22;202;1
2;22;1623;2
17;22;2043;1
9;22;176;1
11;22;3478;2
10;22;648;2
4;22;117;2
4;23;84;2
14;23;225;2
7;23;373;2
10;23;450;2
9;23;72;1
15;23;91;2
3;23;270;2
17;23;240;1
5;23;208;1
16;23;421;2
12;23;167;2
6;23;428;2
11;23;215;2
8;23;197;2
13;23;166;1
2;23;245;2
6;24;274;2
17;24;145;1
14;24;288;2
13;24;22;1
16;24;400;2
2;24;2017;2
8;24;194;2
4;24;2514;2
5;24;61;1
11;24;289;2
9;24;262;1
7;24;433;2
3;24;410;2
12;24;247;2
10;24;378;2
15;24;157;2
8;25;36;2
11;25;250;2
3;25;438;2
6;25;368;2
7;25;415;2
4;25;244;2
16;25;343;2
13;25;253;1
9;25;537;1
14;25;2458;2
17;25;2378;1
12;25;40;2
10;25;418;2
5;25;200;1
15;25;1168;2
2;25;1380;2
14;26;415;2
13;26;151;1
10;26;426;2
15;26;189;2
2;26;399;2
12;26;191;2
4;26;250;2
3;26;227;2
5;26;82;1
9;26;104;1
16;26;1567;2
6;26;2229;2
11;26;415;2
8;26;199;2
7;26;302;2
17;26;212;1
4;27;268;2
9;27;85;1
2;27;315;2
5;27;380;1
12;27;171;2
16;27;331;2
17;27;76;1
13;27;168;1
7;27;326;2
8;27;322;2
15;27;260;2
6;27;384;2
14;27;346;2
10;27;365;2
3;27;284;2
11;27;427;2
13;28;108;1
16;28;386;2
8;28;66;2
2;28;315;2
9;28;261;1
7;28;392;2
4;28;1159;2
11;28;1612;2
17;28;107;1
15;28;165;2
6;28;321;2
5;28;67;1
12;28;212;2
3;28;294;2
10;28;326;2
14;28;396;2
2;29;1327;2
8;29;204;2
6;29;964;2
3;29;2529;2
5;29;214;1
11;29;454;2
15;29;241;2
12;29;141;2
16;29;267;2
7;29;304;2
9;29;78;1
17;29;211;1
13;29;209;1
10;29;239;2
4;29;92;2
14;29;320;2
3;30;255;2
7;30;349;2
15;30;167;2
9;30;155;1
4;30;50;2
13;30;1254;1
2;30;1638;2
8;30;113;2
5;30;141;1
10;30;333;2
14;30;267;2
11;30;407;2
12;30;57;2
16;30;348;2
6;30;338;2
17;30;1737;1
3;31;576;2
4;31;235;2
14;31;315;2
8;31;55;2
17;31;65;1
10;31;405;2
2;31;317;2
13;31;54;1
16;31;427;2
12;31;116;2
7;31;426;2
5;31;18;1
15;31;44;2
6;31;383;2
11;31;340;2
9;31;36;1
8;32;152;2
14;32;217;2
16;32;216;2
7;32;382;2
17;32;232;1
6;32;1897;2
15;32;2127;2
12;32;41;2
9;32;130;1
5;32;33;1
10;32;1876;2
13;32;2263;1
4;32;215;2
3;32;306;2
2;32;377;2
16;33;863;2
11;32;2407;2
14;33;4059;2
9;33;1909;1
7;33;236;2
4;33;63;2
2;33;337;2
15;33;105;2
8;33;222;2
12;33;76;2
3;33;421;2
6;33;414;2
10;33;363;2
17;33;60;1
5;33;123;1
11;33;403;2
13;33;159;1
13;34;220;1
10;34;242;2
12;34;34;2
16;34;370;2
5;34;70;1
14;34;362;2
3;34;264;2
8;34;169;2
6;34;256;2
11;34;441;2
9;34;106;1
4;34;239;2
7;34;298;2
17;34;86;1
15;34;132;2
2;34;290;2
15;35;75;2
7;35;220;2
9;35;192;1
6;35;437;2
17;35;216;1
13;35;141;1
10;35;3893;2
16;35;5294;2
11;35;5587;2
2;35;359;2
8;35;189;2
4;35;99;2
5;35;255;1
9;36;221;1
11;36;2539;2
4;36;179;2
17;36;171;1
14;36;361;2
2;36;310;2
13;36;854;1
16;36;1779;2
8;36;2213;2
6;36;319;2
7;36;454;2
10;36;422;2
12;36;144;2
15;36;133;2
5;36;111;1
3;36;323;2
2;37;445;2
12;37;1747;2
6;37;3523;2
4;37;233;2
16;37;345;2
13;37;126;1
7;37;319;2
9;37;141;1
8;37;150;2
3;37;317;2
14;37;373;2
10;37;348;2
17;37;60;1
5;37;42;1
11;37;312;2
15;37;175;2
15;38;1152;2
10;38;1727;2
14;38;551;2
17;38;75;1
8;38;325;2
5;38;165;1
3;38;274;2
13;38;251;1
9;38;53;1
4;38;159;2
7;38;453;2
12;38;114;2
6;38;454;2
2;38;460;2
11;38;425;2
16;38;449;2
8;39;241;2
12;39;32;2
11;39;248;2
2;39;274;2
5;39;252;1
9;39;38;1
13;39;168;1
15;39;66;2
14;39;377;2
6;39;338;2
16;39;224;2
10;39;1659;2
3;39;1789;2
7;39;345;2
4;39;73;2
17;39;162;1
8;40;241;2
16;40;332;2
12;40;41;2
15;40;152;2
14;40;295;2
11;40;281;2
10;40;302;2
13;40;158;1
2;40;237;2
6;40;435;2
17;40;53;1
7;40;433;2
5;40;257;1
3;40;445;2
4;40;231;2
9;40;86;1
11;41;237;2
13;41;41;1
15;41;181;2
8;41;153;2
3;41;258;2
2;41;279;2
14;41;455;2
4;41;247;2
5;41;193;1
17;41;259;1
6;41;334;2
9;41;198;1
12;41;206;2
16;41;220;2
10;41;397;2
7;41;346;2
9;42;1900;1
3;42;2345;2
11;42;338;2
7;42;277;2
10;42;230;2
17;42;169;1
13;42;144;1
4;42;34;2
15;42;115;2
8;42;166;2
2;42;2411;2
5;42;168;1
14;42;399;2
16;42;233;2
6;42;219;2
12;42;227;2
14;43;236;2
10;43;1842;2
17;43;1824;1
4;43;478;2
11;43;432;2
16;43;226;2
9;43;97;1
15;43;64;2
12;43;281;2
3;43;226;2
8;43;63;2
6;43;454;2
7;43;399;2
2;43;657;2
13;43;151;1
5;43;95;1
6;44;349;2
16;44;1068;2
2;44;2391;2
10;44;2517;2
4;44;133;2
9;44;15;1
5;44;50;1
7;44;264;2
15;44;1827;2
11;44;2619;2
3;44;2977;2
17;44;1421;1
13;44;4542;1
12;44;281;2
14;44;250;2
8;44;30;2
8;45;98;2
12;45;186;2
10;45;428;2
11;45;296;2
4;45;122;2
6;45;252;2
13;45;129;1
5;45;246;1
17;45;260;1
3;45;349;2
14;45;316;2
15;45;241;2
2;45;403;2
16;45;279;2
9;45;53;1
7;45;397;2
10;46;343;2
2;46;408;2
16;46;305;2
14;46;250;2
7;46;213;2
11;46;281;2
12;46;199;2
13;46;170;1
3;46;338;2
4;46;28;2
6;46;504;2
8;46;109;2
17;46;88;1
5;46;47;1
9;46;84;1
15;46;932;2
4;47;231;2
11;47;381;2
16;47;419;2
5;47;374;1
10;47;217;2
8;47;80;2
14;47;403;2
6;47;331;2
3;47;452;2
2;47;327;2
9;47;31;1
12;47;45;2
7;47;333;2
13;47;260;1
15;47;130;2
17;47;78;1
3;48;457;2
7;48;212;2
14;48;279;2
8;48;48;2
17;48;106;1
5;48;220;1
4;48;1292;2
12;48;1460;2
2;48;361;2
16;48;449;2
15;48;47;2
10;48;447;2
6;48;290;2
9;48;189;1
13;48;121;1
11;48;308;2
17;49;79;1
3;49;221;2
9;49;651;1
16;49;2886;2
12;49;3123;2
4;49;1035;2
15;49;487;2
13;49;30;1
6;49;1611;2
5;49;154;1
2;49;306;2
11;49;248;2
8;49;1629;2
10;49;2242;2
7;49;995;2
14;49;219;2
5;50;134;1
2;50;406;2
3;50;243;2
6;50;263;2
12;50;112;2
9;50;108;1
4;50;98;2
7;50;379;2
10;50;265;2
8;50;184;2
16;50;258;2
15;50;2281;2
14;50;2651;2
17;50;32;1
13;50;142;1
11;50;414;2
10;51;302;2
12;51;250;2
15;51;126;2
4;51;215;2
6;51;231;2
14;51;1158;2
16;51;1651;2
17;51;2232;1
11;51;216;2
9;51;191;1
2;51;212;2
3;51;434;2
13;51;255;1
5;51;52;1
7;51;396;2
8;51;155;2
5;52;153;1
8;52;124;2
2;52;390;2
4;52;236;2
16;52;409;2
9;52;53;1
11;52;1460;2
10;52;1542;2
3;52;319;2
13;52;81;1
15;52;126;2
12;52;86;2
14;52;400;2
7;52;258;2
6;52;242;2
17;52;211;1
14;53;411;2
5;53;241;1
16;53;579;2
10;53;310;2
8;53;113;2
9;53;236;1
3;53;687;2
4;53;1576;2
13;53;1811;1
6;53;294;2
17;53;84;1
2;53;434;2
7;53;405;2
11;53;381;2
12;53;265;2
15;53;140;2
12;54;522;2
8;54;60;2
7;54;1261;2
3;54;3600;2
4;54;2832;2
13;54;67;1
16;54;387;2
11;54;384;2
6;54;346;2
9;54;149;1
14;54;251;2
17;54;197;1
15;54;217;2
5;54;238;1
10;54;276;2
2;54;398;2
6;55;279;2
16;55;214;2
8;55;246;2
9;55;148;1
11;55;426;2
4;55;211;2
12;55;246;2
5;55;130;1
15;55;1186;2
13;55;1403;1
7;55;425;2
2;55;379;2
14;55;217;2
17;55;50;1
10;55;367;2
3;55;250;2
15;56;244;2
9;56;151;1
3;56;214;2
8;56;141;2
10;56;213;2
14;56;210;2
2;56;445;2
13;56;192;1
17;56;211;1
16;56;318;2
5;56;266;1
4;56;35;2
12;56;148;2
7;56;952;2
11;56;1996;2
8;57;59;2
6;56;3212;2
11;57;248;2
6;57;219;2
16;57;429;2
17;57;229;1
10;57;373;2
9;57;64;1
14;57;268;2
13;57;95;1
12;57;96;2
5;57;265;1
15;57;205;2
2;57;336;2
7;57;235;2
4;57;206;2
3;57;461;2
17;58;191;1
13;58;137;1
14;58;233;2
8;58;100;2
15;58;247;2
12;58;147;2
4;58;172;2
9;58;1595;1
3;58;2126;2
7;58;2222;2
16;58;1577;2
2;58;316;2
11;58;365;2
10;58;341;2
6;58;245;2
5;58;2295;1
10;59;390;2
16;59;386;2
9;59;264;1
13;59;266;1
8;59;216;2
5;59;61;1
6;59;268;2
14;59;219;2
17;59;225;1
15;59;225;2
12;59;206;2
4;59;273;2
7;59;349;2
11;59;814;2
3;59;2599;2
2;59;3939;2
2;60;351;2
13;60;171;1
3;60;455;2
6;60;418;2
7;60;218;2
17;60;165;1
8;60;247;2
9;60;100;1
14;60;229;2
16;60;384;2
15;60;201;2
11;60;328;2
5;60;428;1
10;60;230;2
12;60;141;2
4;60;33;2
12;61;137;2
9;61;210;1
14;61;395;2
17;61;149;1
10;61;249;2
5;61;1722;1
2;61;1549;2
13;61;216;1
4;61;2573;2
7;61;2599;2
16;61;680;2
15;61;204;2
11;61;363;2
6;61;424;2
5;62;140;1
9;62;1628;1
8;62;3844;2
11;62;4052;2
12;62;295;3
2;62;278;2
16;62;1255;3
4;62;255;2
17;62;49;1
7;62;342;2
6;62;372;2
15;62;207;2
3;62;1064;2
14;62;2092;2
10;62;2334;2
13;62;202;1
13;63;52;1
5;63;88;1
4;63;107;2
2;63;373;2
7;63;266;2
6;63;339;2
17;63;100;1
11;63;264;2
9;63;1646;1
16;63;2178;2
8;63;127;2
14;63;338;2
10;63;345;2
3;63;209;2
12;63;158;2
15;63;175;2
7;64;225;2
8;64;78;2
11;64;426;2
15;64;154;2
4;64;109;2
3;64;383;2
5;64;57;1
14;64;243;2
12;64;203;2
17;64;148;1
13;64;57;1
2;64;1321;2
10;64;1249;2
6;64;591;2
9;64;2182;1
16;64;171;2
9;65;141;1
11;65;329;2
15;65;138;2
2;65;372;2
3;65;415;2
5;65;97;1
4;65;224;2
14;65;445;2
8;65;30;2
16;65;246;2
17;65;85;1
13;65;216;1
6;65;2067;2
7;65;2495;2
12;65;129;2
10;65;309;2
4;66;57;2
16;66;273;2
13;66;51;1
9;66;263;1
10;66;336;2
6;66;277;2
7;66;457;2
2;66;394;2
17;66;100;1
14;66;221;2
5;66;105;1
8;66;1157;2
12;66;1094;2
15;66;1346;2
3;66;393;2
11;66;257;2
3;67;287;2
12;67;54;2
13;67;1220;1
9;67;593;1
5;67;3868;1
10;67;3674;2
2;67;3458;2
11;67;605;2
16;67;1242;2
14;67;213;2
6;67;284;2
4;67;262;2
15;67;221;2
7;67;334;2
8;67;54;2
15;68;1919;2
10;68;2275;2
17;68;2146;1
12;68;213;2
14;68;321;2
2;68;426;2
11;68;252;2
3;68;283;2
13;68;598;1
9;68;1571;1
7;68;2432;2
8;68;130;2
6;68;375;2
4;68;228;2
16;68;244;2
5;68;14;1
11;69;340;2
9;69;167;1
7;69;404;2
13;69;181;1
4;69;146;2
17;69;254;1
6;69;366;2
3;69;296;2
12;69;1284;2
2;69;1562;2
10;69;353;2
16;69;245;2
5;69;93;1
15;69;39;2
14;69;350;2
8;69;66;2
8;70;267;2
14;70;355;2
16;70;117;2
11;70;401;2
12;70;263;2
4;70;270;2
5;70;108;1
17;70;171;1
10;70;1279;2
9;70;173;1
7;70;239;2
3;70;2708;2
15;70;84;2
13;70;261;1
2;70;230;2
6;70;276;2
14;71;271;2
8;71;277;2
15;71;279;2
9;71;67;1
5;71;186;1
17;71;90;1
4;71;221;2
3;71;1491;2
16;71;285;2
13;71;3880;1
7;71;367;2
12;71;1175;2
6;71;1661;2
2;71;216;2
10;71;321;2
11;71;429;2
8;72;245;2
7;72;243;2
10;72;377;2
2;72;348;2
3;72;2007;2
5;72;661;1
11;72;641;2
15;72;3831;2
4;72;3459;2
17;72;92;1
16;72;156;2
14;72;423;2
12;72;53;2
6;72;343;2
13;72;248;1
9;72;235;1
13;73;1248;1
12;73;1413;2
15;73;476;2
5;73;220;1
9;73;169;1
11;73;2215;2
14;73;2265;2
4;73;1564;2
10;73;2007;2
2;73;915;2
6;73;237;2
17;73;86;1
7;73;449;2
3;73;445;2
8;73;77;2
16;73;76;2
10;74;230;2
6;74;340;2
9;74;1522;1
15;74;2310;2
12;74;181;2
17;74;117;1
16;74;687;2
3;74;455;2
2;74;216;2
13;74;260;1
4;74;232;2
11;74;381;2
5;74;227;1
7;74;401;2
14;74;268;2
8;74;45;2
5;75;64;1
4;75;206;2
3;75;319;2
13;75;43;1
12;75;154;2
7;75;335;2
8;75;101;2
14;75;338;2
17;75;21;1
2;75;432;2
6;75;279;2
11;75;364;2
16;75;1740;2
9;75;285;1
15;75;235;2
10;75;278;2
16;76;222;2
11;76;384;2
4;76;55;2
12;76;230;2
17;76;157;1
15;76;105;2
5;76;115;1
9;76;154;1
14;76;243;2
6;76;399;2
2;76;393;2
3;76;219;2
8;76;195;2
7;76;407;2
13;76;21;1
10;76;348;2
7;77;441;2
10;77;280;2
2;77;304;2
15;77;85;2
6;77;380;2
14;77;270;2
13;77;29;1
5;77;55;1
4;77;52;2
16;77;322;2
8;77;190;2
12;77;198;2
11;77;259;2
17;77;486;1
9;77;94;1
3;77;360;2
2;78;246;2
15;78;224;2
17;78;172;1
12;78;96;2
7;78;241;2
6;78;455;2
13;78;87;1
16;78;349;2
3;78;216;2
11;78;317;2
10;78;217;2
4;78;97;2
8;78;222;2
9;78;115;1
14;78;452;2
5;78;119;1
15;79;276;2
14;79;296;2
10;79;382;2
8;79;207;2
11;79;254;2
7;79;451;2
2;79;261;2
3;79;401;2
17;79;73;1
12;79;492;2
6;79;417;2
5;79;392;1
13;79;202;1
4;79;51;2
9;79;176;1
16;79;4807;2
13;80;708;1
5;80;1750;1
9;80;1094;1
10;80;3496;2
7;80;2773;2
3;80;2345;2
11;80;229;2
4;80;225;2
2;80;437;2
17;80;131;1
16;80;309;2
8;80;47;2
12;80;260;2
6;80;311;2
14;80;397;2
12;81;74;2
3;81;219;2
14;81;327;2
13;81;45;1
4;81;152;2
17;81;166;1
6;81;261;2
5;81;118;1
7;81;228;2
8;81;1291;2
9;81;513;1
11;81;2257;2
2;81;258;2
10;81;210;2
16;81;253;2
15;81;35;2
8;82;282;2
3;82;331;2
14;82;338;2
16;82;448;2
2;82;328;2
9;82;131;1
13;82;199;1
11;82;263;2
17;82;239;1
15;82;387;2
6;82;1672;2
4;82;4040;2
12;82;4301;2
5;82;37;1
10;82;342;2
7;82;235;2
10;83;429;2
7;83;335;2
5;83;104;1
12;83;42;2
3;83;230;2
17;83;263;1
15;83;175;2
13;83;16;1
14;83;287;2
16;83;377;2
6;83;333;2
9;83;128;1
2;83;383;2
8;83;176;2
4;83;139;2
11;83;323;2
15;84;136;2
6;84;347;2
11;84;241;2
4;84;229;2
5;84;151;1
12;84;278;2
14;84;447;2
16;84;357;2
10;84;327;2
7;84;342;2
2;84;367;2
13;84;1192;1
8;84;1400;2
3;84;382;2
9;84;115;1
17;84;100;1
12;85;111;2
11;85;454;2
2;85;265;2
6;85;440;2
3;85;270;2
5;85;197;1
4;85;271;2
7;85;380;2
10;85;397;2
14;85;354;2
13;85;152;1
8;85;113;2
9;85;125;1
17;85;114;1
15;85;213;2
16;85;391;2
2;86;416;2
9;86;100;1
13;86;40;1
14;86;239;2
15;86;163;2
8;86;281;2
5;86;57;1
11;86;1477;2
3;86;1689;2
7;86;1429;2
10;86;1242;2
17;86;1887;1
4;86;65;2
16;86;261;2
12;86;265;2
6;86;437;2
15;87;135;2
10;87;357;2
2;87;258;2
14;87;365;2
7;87;280;2
12;87;140;2
9;87;87;1
5;87;41;1
4;87;56;2
8;87;247;2
13;87;72;1
17;87;36;1
11;87;252;2
16;87;356;2
6;87;337;2
3;87;384;2
16;88;288;2
10;88;419;2
6;88;246;2
13;88;146;1
9;88;216;1
4;88;88;2
3;88;305;2
12;88;140;2
7;88;321;2
2;88;384;2
11;88;211;2
8;88;257;2
17;88;236;1
5;88;68;1
15;88;93;2
14;88;232;2
14;89;409;2
8;89;246;2
17;89;67;1
6;89;427;2
16;89;232;2
4;89;183;2
11;89;263;2
9;89;255;1
5;89;184;1
15;89;122;2
13;89;532;1
12;89;1593;2
3;89;2470;2
2;89;2482;2
10;89;2241;2
7;89;911;2
12;90;270;2
6;90;300;2
14;90;261;2
3;90;263;2
2;90;283;2
9;90;224;1
16;90;396;2
7;90;344;2
4;90;76;2
10;90;286;2
13;90;124;1
15;90;160;2
17;90;213;1
5;90;192;1
11;90;228;2
8;90;232;2
16;91;268;2
3;91;338;2
14;91;355;2
8;91;35;2
5;91;200;1
11;91;404;2
13;91;116;1
6;91;250;2
15;91;87;2
7;91;232;2
2;91;388;2
17;91;44;1
4;91;61;2
9;91;230;1
10;91;223;2
12;91;82;2
2;92;746;2
14;92;2064;2
5;92;151;1
7;92;235;2
3;92;3264;2
11;92;296;2
9;92;142;1
15;92;259;2
6;92;247;2
8;92;92;2
16;92;266;2
10;92;335;2
4;92;282;2
17;92;160;1
12;92;200;2
13;92;226;1
2;93;370;2
10;93;222;2
15;93;127;2
17;93;99;1
9;93;126;1
12;93;245;2
4;93;105;2
5;93;134;1
3;93;304;2
8;93;231;2
14;93;348;2
13;93;180;1
6;93;443;2
16;93;268;2
7;93;237;2
11;93;292;2
8;94;181;2
2;94;398;2
9;94;172;1
11;94;298;2
12;94;54;2
17;94;139;1
6;94;266;2
5;94;423;1
15;94;162;2
16;94;223;2
7;94;426;2
4;94;144;2
14;94;1294;2
3;94;2188;2
10;94;2495;2
6;95;380;2
13;94;3826;1
11;95;414;2
5;95;15;1
15;95;110;2
13;95;206;1
8;95;111;2
16;95;460;2
3;95;245;2
9;95;151;1
7;95;280;2
17;95;17;1
4;95;101;2
12;95;48;2
14;95;1455;2
2;95;1612;2
10;95;458;2
17;96;177;1
2;96;231;2
9;96;116;1
13;96;104;1
3;96;433;2
14;96;383;2
16;96;275;2
8;96;230;2
10;96;431;2
15;96;81;2
4;96;71;2
11;96;378;2
7;96;386;2
5;96;18;1
12;96;155;2
6;96;283;2
9;97;256;1
17;97;94;1
5;97;123;1
11;97;432;2
8;97;71;2
12;97;201;2
13;97;219;1
15;97;173;2
16;97;253;2
3;97;243;2
7;97;407;2
4;97;101;2
2;97;273;2
10;97;1182;2
6;97;4328;2
17;98;91;1
16;98;539;2
4;98;165;2
9;98;213;1
10;98;453;2
12;98;72;2
6;98;431;2
15;98;272;2
5;98;33;1
2;98;398;2
11;98;447;2
14;98;638;3
8;98;274;2
3;98;269;2
13;98;49;1
7;98;420;2
7;99;438;2
5;99;139;1
2;99;233;2
16;99;256;2
10;99;431;2
12;99;136;2
9;99;83;1
8;99;131;2
11;99;1492;2
3;99;334;2
13;99;2188;1
4;99;82;2
17;99;1142;1
15;99;1097;2
14;99;3110;3
6;99;3079;2
12;100;219;2
11;100;303;2
4;100;1395;2
3;100;415;2
13;100;148;1
7;100;263;2
16;100;430;2
8;100;45;2
10;100;290;2
2;100;244;2
5;100;218;1
14;100;598;3
9;100;166;1
15;100;94;2
17;100;128;1
6;100;3228;2
5;101;253;1
10;101;1284;2
16;101;2296;2
11;101;376;2
6;101;301;2
13;101;201;1
8;101;258;2
12;101;205;2
9;101;27;1
15;101;208;2
2;101;390;2
14;101;524;3
17;101;244;1
4;101;359;2
3;101;1300;2
7;101;878;2
6;102;248;2
8;102;174;2
10;102;365;2
13;102;78;1
14;102;504;3
7;102;255;2
16;102;100;2
2;102;243;2
4;102;393;2
12;102;140;2
5;102;228;1
11;102;250;2
3;102;439;2
9;102;130;1
15;102;72;2
17;102;104;1
11;103;1635;2
8;103;1834;2
15;103;1315;2
10;103;375;2
4;103;415;2
16;103;34;2
7;103;399;2
6;103;1390;2
2;103;1703;2
17;103;128;1
13;103;53;1
3;103;428;2
5;103;135;1
12;103;264;2
14;103;642;3
9;103;232;1
6;104;242;2
10;104;217;2
11;104;365;2
16;104;66;2
15;104;221;2
7;104;444;2
9;104;30;1
12;104;227;2
13;104;2307;1
14;104;2886;3
17;104;1245;1
4;104;1539;2
2;104;1372;2
8;104;1529;2
3;104;247;2
5;104;247;1
9;105;1964;1
3;105;2284;2
16;105;65;2
2;105;373;2
13;105;155;1
6;105;350;2
7;105;222;2
15;105;126;2
4;105;426;2
11;105;455;2
17;105;229;1
10;105;383;2
8;105;46;2
5;105;35;1
14;105;680;3
12;105;52;2
4;106;272;2
7;106;358;2
3;106;351;2
2;106;1599;2
6;106;1703;2
17;106;1993;1
9;106;141;1
13;106;1175;1
8;106;1517;2
12;106;1221;2
14;106;609;3
5;106;75;1
11;106;384;2
16;106;274;2
15;106;214;2
2;107;1098;2
16;107;249;2
11;107;1592;2
10;106;4289;2
4;107;4324;2
3;107;333;2
9;107;203;1
8;107;155;2
13;107;111;1
14;107;587;3
17;107;215;1
5;107;59;1
12;107;51;2
7;107;411;2
15;107;52;2
10;107;220;2
6;107;236;2
4;108;248;2
2;108;370;2
12;108;183;2
6;108;335;2
11;108;212;2
10;108;400;2
17;108;60;1
13;108;71;1
14;108;577;3
3;108;220;2
16;108;1292;2
8;108;1494;2
5;108;200;1
9;108;214;1
15;108;171;2
7;108;271;2
9;109;200;1
10;109;266;2
17;109;1644;1
7;109;2074;2
4;109;1857;2
5;109;1623;1
11;109;415;2
3;109;210;2
2;109;369;2
13;109;215;1
12;109;263;2
16;109;257;2
6;109;428;2
8;109;106;2
14;109;637;3
15;109;192;2
13;110;79;1
4;110;388;2
16;110;124;2
8;110;1251;2
6;110;1568;2
3;110;2813;2
11;110;2629;2
7;110;2038;2
12;110;4392;2
10;110;572;2
9;110;5517;1
14;110;663;3
15;110;432;3
17;110;216;2
5;110;45;1
9;111;226;1
13;111;52;1
6;111;1427;2
8;111;325;3
10;111;288;2
4;111;372;2
15;111;495;3
17;111;292;2
5;111;215;1
16;111;622;3
7;111;262;2
3;111;453;2
2;111;1345;2
12;111;1570;3
14;111;786;4
11;111;380;2
8;112;296;3
14;112;2108;4
5;112;70;1
3;112;454;2
4;112;378;2
16;112;286;3
13;112;77;1
9;112;221;1
6;112;392;2
15;112;1346;3
12;112;1597;3
10;112;336;2
2;112;410;2
7;112;350;2
11;112;391;2
17;112;347;2
17;113;426;2
9;113;112;1
11;113;4879;2
6;113;5538;2
5;113;217;1
13;113;259;1
14;113;634;4
12;113;341;3
15;113;429;3
8;113;450;3
10;113;355;2
16;113;506;3
4;113;314;2
7;113;275;2
2;113;461;2
3;113;308;2
4;114;272;2
5;114;231;1
17;114;357;2
8;114;462;3
11;114;278;2
13;114;34;1
9;114;259;1
14;114;622;4
7;114;1190;2
10;114;2101;2
6;114;2676;2
12;114;417;3
15;114;744;3
3;114;289;2
2;114;388;2
16;114;441;3
4;115;271;2
2;115;345;2
16;115;402;3
17;115;229;2
12;115;421;3
5;115;226;1
15;115;307;3
9;115;1087;1
6;115;1623;2
8;115;422;3
7;115;216;2
3;115;266;2
14;115;633;4
11;115;386;2
13;115;167;1
10;115;293;2
2;116;323;2
13;116;183;1
7;116;272;2
8;116;517;3
4;116;272;2
3;116;226;2
17;116;302;2
15;116;338;3
14;116;422;4
10;116;295;2
16;116;410;3
5;116;113;1
11;116;379;2
12;116;459;3
9;116;91;1
6;116;405;2
8;117;307;3
13;117;1130;1
16;117;1680;3
9;117;79;1
12;117;336;3
15;117;506;3
5;117;157;1
3;117;226;2
7;117;257;2
2;117;247;2
17;117;232;2
4;117;313;2
14;117;3569;4
11;117;3559;2
10;117;424;2
6;117;438;2
8;118;311;3
3;118;274;2
6;118;210;2
15;118;341;3
16;118;446;3
5;118;167;1
14;118;454;4
17;118;312;2
9;118;197;1
11;118;1357;2
10;118;1649;2
4;118;334;2
7;118;228;2
2;118;215;2
13;118;141;1
12;118;481;3
5;119;218;1
2;119;323;2
3;119;1136;2
14;119;5529;4
4;119;6024;2
17;119;2419;2
12;119;1213;3
9;119;3480;1
6;119;277;2
13;119;57;1
7;119;218;2
8;119;455;3
11;119;218;2
16;119;397;3
15;119;313;3
3;120;353;2
11;120;1383;2
15;120;1787;3
8;120;353;3
5;120;33;1
13;120;143;1
7;120;280;2
10;120;471;3
16;120;396;3
12;120;416;3
6;120;377;2
17;120;227;2
14;120;421;4
4;120;222;2
2;120;364;2
9;120;196;1
9;121;19;1
11;121;364;2
2;121;381;2
3;121;386;2
16;121;402;3
17;121;267;2
7;121;343;2
4;121;426;2
14;121;550;4
13;121;55;1
6;121;235;2
5;121;171;1
8;121;509;3
12;121;441;3
10;121;587;3
15;121;462;3
11;122;1528;2
5;122;180;1
15;122;512;3
4;122;1083;2
7;122;3895;2
16;122;4761;3
17;122;3788;2
2;122;4852;2
6;122;591;2
10;122;611;3
13;122;139;1
3;122;247;2
14;122;516;4
12;122;432;3
9;122;21;1
8;122;2018;3
16;123;498;3
3;123;256;2
14;123;638;4
17;123;438;2
5;123;256;1
9;123;102;1
7;123;445;2
10;123;486;3
11;123;439;2
2;123;279;2
13;123;219;1
15;123;295;3
12;123;353;3
8;123;402;3
4;123;436;2
6;123;361;2
16;124;265;2
8;124;408;3
4;124;336;2
3;124;386;2
2;124;3196;2
15;124;3409;3
14;124;1029;4
11;124;355;2
12;124;380;3
17;124;267;2
5;124;220;1
7;124;680;2
6;124;431;2
13;124;16;1
9;124;295;1
10;124;729;3
14;125;554;4
15;125;426;3
11;125;448;2
10;125;626;3
2;125;243;2
3;125;420;2
8;125;485;3
5;125;107;1
13;125;157;1
7;125;309;2
9;125;227;1
4;125;458;2
16;125;307;2
6;125;1831;2
12;125;2694;3
17;125;1724;2
16;126;410;2
4;126;250;2
15;126;384;3
2;126;330;2
17;126;265;2
6;126;367;2
13;126;1400;1
11;126;302;2
5;126;194;1
12;126;722;3
9;126;140;1
10;126;591;3
7;126;273;2
3;126;271;2
8;126;364;3
14;126;602;4
2;127;245;2
4;127;208;2
13;127;1868;1
9;127;2103;1
10;127;653;3
12;127;372;3
5;127;122;1
8;127;295;3
16;127;384;2
7;127;365;2
17;127;349;2
11;127;310;2
3;127;421;2
6;127;311;2
15;127;285;3
14;127;1609;4
14;128;563;4
15;128;511;3
4;128;268;2
9;128;156;1
16;128;280;2
5;128;158;1
3;128;445;2
6;128;414;2
13;128;196;1
2;128;420;2
12;128;325;3
11;128;497;2
8;128;446;3
17;128;297;2
7;128;1357;2
10;128;1758;3
2;129;441;2
13;129;125;1
16;129;280;2
4;129;450;2
11;129;363;2
14;129;4803;4
15;129;4199;3
10;129;539;3
8;129;421;3
5;129;446;1
17;129;601;2
7;129;1412;2
9;129;1417;1
12;129;320;3
6;129;246;2
3;129;461;2
16;130;226;2
2;130;255;2
12;130;353;3
11;130;395;2
14;130;527;4
17;130;274;2
10;130;677;3
4;130;310;2
13;130;167;1
7;130;272;2
3;130;230;2
15;130;380;3
5;130;215;1
6;130;433;2
9;130;262;1
8;130;408;3
9;131;67;1
11;131;328;2
3;131;213;2
5;131;213;1
17;131;309;2
2;131;401;2
7;131;456;2
14;131;556;4
6;131;394;2
13;131;20;1
16;131;234;2
12;131;436;3
15;131;465;3
8;131;1854;3
10;131;2131;3
4;131;3352;2
6;132;423;2
16;132;309;2
5;132;247;1
14;132;462;4
17;132;408;2
11;132;991;2
12;132;2226;3
3;132;2265;2
9;132;105;1
15;132;334;3
7;132;231;2
4;132;421;2
8;132;317;3
10;132;514;3
2;132;208;2
13;132;148;1
7;133;225;2
4;133;410;2
11;133;259;2
16;133;437;2
13;133;65;1
3;133;401;2
2;133;430;2
15;133;467;3
17;133;297;2
5;133;1311;1
9;133;1520;1
12;133;326;3
14;133;551;4
10;133;703;3
8;133;390;3
6;133;309;2
4;134;1297;2
15;134;3704;3
14;134;3782;4
2;134;3231;2
7;134;3637;2
16;134;5257;2
6;134;4113;2
12;134;350;3
17;134;462;2
13;134;88;1
3;134;370;2
8;134;471;3
5;134;107;1
11;134;223;2
10;134;573;3
9;134;44;1
5;135;83;1
10;135;688;3
17;135;451;2
7;135;1362;2
6;135;1594;2
12;135;286;3
14;135;590;4
16;135;372;2
2;135;244;2
8;135;439;3
4;135;267;2
11;135;276;2
13;135;262;1
3;135;221;2
9;135;236;1
15;135;421;3
3;136;458;2
17;136;436;2
14;136;497;4
11;136;379;2
16;136;313;2
4;136;343;2
13;136;59;1
5;136;14;1
15;136;1423;3
2;136;1604;2
10;136;483;3
12;136;433;3
6;136;331;2
9;136;215;1
7;136;321;2
8;136;537;3
8;137;491;3
15;137;520;3
5;137;251;1
12;137;350;3
14;137;1450;4
3;137;1587;2
2;137;345;2
13;137;256;1
4;137;208;2
16;137;316;2
10;137;627;3
9;137;153;1
17;137;275;2
11;137;288;2
6;137;495;2
7;137;234;2
5;138;191;1
2;138;421;2
7;138;220;2
15;138;405;3
17;138;502;2
14;138;1739;4
11;138;1668;2
8;138;381;3
4;138;448;2
9;138;171;1
12;138;524;3
3;138;408;2
10;138;637;3
13;138;1276;1
16;138;1670;2
6;138;339;2
14;139;1441;4
7;139;1409;2
8;139;513;3
3;139;226;2
15;139;510;3
9;139;45;1
12;139;303;3
13;139;224;1
16;139;288;2
2;139;291;2
6;139;694;2
17;139;2165;2
11;139;3040;2
4;139;1247;2
10;139;1979;3
5;139;307;1
5;140;110;1
16;140;268;2
6;140;1435;2
4;140;599;2
15;140;2106;3
13;140;215;1
11;140;459;2
9;140;262;1
12;140;128;2
17;140;97;1
3;140;278;2
2;140;291;2
10;140;465;3
14;140;287;3
8;140;220;2
7;140;137;2
8;141;153;2
14;141;335;3
5;141;176;1
7;141;325;2
13;141;92;1
4;141;356;2
17;141;202;1
6;141;266;2
16;141;265;2
2;141;390;2
3;141;264;2
10;141;535;3
12;141;249;2
9;141;1079;1
11;141;1591;2
15;141;209;2
3;142;214;2
12;142;126;2
13;142;154;1
10;142;676;3
5;142;221;1
4;142;576;2
8;142;157;2
9;142;211;1
16;142;335;2
15;142;101;2
11;142;262;2
17;142;36;1
2;142;418;2
6;142;385;2
14;142;413;3
7;142;113;2
5;143;201;1
12;143;85;2
11;143;346;2
9;143;175;1
10;143;685;3
3;143;388;2
15;143;69;2
4;143;433;2
13;143;216;1
2;143;280;2
8;143;80;2
7;143;218;2
14;143;216;3
6;143;2891;2
16;143;3328;2
17;143;3264;1
17;144;253;1
10;144;667;3
8;144;254;2
5;144;188;1
4;144;1517;2
6;144;1586;2
7;144;2115;2
14;144;335;3
12;144;1729;2
16;144;2343;2
13;144;21;1
11;144;443;2
3;144;224;2
9;144;206;1
2;144;396;2
15;144;214;2
8;145;183;2
3;145;452;2
4;145;310;2
13;145;262;1
12;145;268;2
11;145;3806;2
10;145;4451;3
7;145;225;2
2;145;409;2
16;145;409;2
5;145;68;1
14;145;394;3
9;145;15;1
17;145;2599;1
6;145;3439;2
15;145;190;2
16;146;279;2
12;146;36;2
9;146;100;1
8;146;43;2
13;146;62;1
17;146;135;1
15;146;145;2
7;146;197;2
14;146;372;3
11;146;417;2
3;146;424;2
2;146;242;2
5;146;400;1
4;146;1303;2
6;146;1491;2
10;146;838;3
5;147;202;1
12;147;150;2
15;147;70;2
6;147;370;2
13;147;44;1
3;147;258;2
2;147;409;2
11;147;235;2
8;147;242;2
4;147;328;2
9;147;212;1
7;147;180;2
14;147;386;3
17;147;225;1
16;147;326;2
10;147;594;3
6;148;311;2
5;148;16;1
8;148;276;2
7;148;169;2
11;148;398;2
16;148;1267;2
10;148;1231;3
15;148;2118;2
14;148;465;3
13;148;82;1
12;148;188;2
2;148;352;2
3;148;381;2
4;148;391;2
9;148;30;1
17;148;222;1
12;149;146;2
17;149;87;1
7;149;324;2
4;149;407;2
5;149;149;1
15;149;83;2
8;149;248;2
11;149;450;2
9;149;187;1
13;149;238;1
14;149;324;3
6;149;434;2
16;149;1474;2
2;149;709;2
10;149;2241;3
3;149;444;2
2;150;380;2
5;150;145;1
6;150;366;2
11;150;1378;2
4;150;1099;2
9;150;1061;1
14;150;3609;3
8;150;547;2
12;150;132;2
10;150;611;3
16;150;325;2
17;150;218;1
15;150;182;2
3;150;422;2
7;150;192;2
16;151;446;2
6;151;334;2
10;151;492;3
13;151;216;1
17;151;138;1
11;151;229;2
3;151;378;2
15;151;1151;2
2;151;1637;2
7;151;227;2
14;151;308;3
4;151;212;2
9;151;72;1
12;151;177;2
8;151;191;2
5;151;52;1
3;152;399;2
16;152;297;2
10;152;556;3
17;152;243;1
14;152;340;3
11;152;357;2
12;152;198;2
5;152;222;1
6;152;455;2
15;152;163;2
2;152;274;2
9;152;235;1
7;152;279;2
8;152;102;2
4;152;1316;2
13;152;1520;1
11;153;324;2
14;153;416;3
2;153;341;2
6;153;321;2
4;153;321;2
15;153;47;2
3;153;377;2
13;153;121;1
12;153;93;2
16;153;224;2
8;153;121;2
5;153;130;1
17;153;64;1
10;153;560;3
9;153;62;1
7;153;318;2
7;154;298;2
6;154;396;2
9;154;23;1
3;154;252;2
14;154;315;3
17;154;161;1
10;154;912;3
15;154;57;2
4;154;233;2
5;154;40;1
16;154;310;2
12;154;175;2
8;154;184;2
2;154;395;2
13;154;75;1
11;154;304;2
8;155;40;2
13;155;185;1
4;155;215;2
2;155;448;2
15;155;253;2
16;155;304;2
6;155;440;2
7;155;301;2
17;155;153;1
9;155;107;1
3;155;265;2
14;155;2091;3
12;155;2314;2
11;155;223;2
5;155;170;1
10;155;559;3
2;156;367;2
14;156;170;3
17;156;122;1
3;156;296;2
4;156;394;2
11;156;440;2
8;156;185;2
7;156;248;2
10;156;510;3
12;156;260;2
6;156;373;2
16;156;271;2
15;156;207;2
5;156;23;1
13;156;220;1
9;156;61;1
3;157;228;2
17;157;161;1
9;157;260;1
8;157;48;2
10;157;1166;3
15;157;196;2
13;157;181;1
16;157;381;2
7;157;279;2
11;157;307;2
12;157;86;2
2;157;439;2
6;157;269;2
14;157;366;3
5;157;60;1
4;157;364;2
3;158;227;2
16;158;353;2
14;158;246;3
8;158;355;2
17;158;231;1
5;158;55;1
10;158;631;3
6;158;341;2
4;158;440;2
12;158;239;2
13;158;306;1
9;158;190;1
2;158;364;2
11;158;1944;2
15;158;2036;2
7;158;2158;2
14;159;250;3
15;159;1195;2
11;159;1505;2
9;159;1189;1
8;159;1433;2
16;159;288;2
2;159;458;2
7;159;249;2
6;159;340;2
17;159;211;1
12;159;249;2
3;159;392;2
5;159;207;1
13;159;101;1
4;159;385;2
3;160;317;2
10;159;598;3
16;160;78;2
7;160;273;2
2;160;310;2
17;160;117;1
10;160;1781;3
11;160;1886;2
9;160;1351;1
15;160;2139;2
8;160;1473;2
12;160;388;2
14;160;330;3
6;160;440;2
4;160;378;2
5;160;30;1
2;161;243;2
4;161;224;2
12;161;1373;2
6;161;413;2
8;161;55;2
17;161;472;1
10;161;455;3
13;161;1720;1
5;161;244;1
11;161;245;2
9;161;53;1
14;161;343;3
7;161;248;2
3;161;396;2
16;161;173;2
15;161;248;2
17;162;181;1
14;162;291;3
8;162;76;2
16;162;110;2
15;162;43;2
2;162;436;2
9;162;189;1
13;162;152;1
4;162;300;2
11;162;266;2
7;162;1621;2
5;162;2552;1
3;162;2028;2
10;162;888;3
6;162;212;2
12;162;42;2
9;163;147;1
15;163;141;2
8;163;266;2
13;163;108;1
14;163;216;3
3;163;310;2
7;163;309;2
16;163;130;2
6;163;338;2
11;163;283;2
4;163;349;2
5;163;83;1
12;163;185;2
17;163;22;1
10;163;596;3
2;163;267;2
2;164;306;2
3;164;309;2
6;164;407;2
13;164;871;1
15;164;2564;2
11;164;3926;2
7;164;226;2
16;164;118;2
10;164;628;3
9;164;36;1
17;164;50;1
14;164;230;3
4;164;335;2
8;164;82;2
5;164;208;1
12;164;54;2
5;165;60;1
3;165;396;2
16;165;136;2
9;165;74;1
8;165;236;2
12;165;408;2
17;165;65;1
6;165;406;2
7;165;120;2
14;165;167;3
4;165;509;2
11;165;1634;2
10;165;4065;3
2;165;5904;2
2;166;903;2
13;165;3721;1
15;165;4026;2
17;166;3638;1
8;166;2520;2
16;166;141;2
15;166;214;2
5;166;60;1
4;166;295;2
13;166;76;1
9;166;2028;1
3;166;2435;2
12;166;227;2
7;166;130;2
10;166;563;3
14;166;352;3
11;166;427;2
6;166;379;2
4;167;431;2
3;167;268;2
8;167;1244;2
6;167;459;2
13;167;246;1
16;167;275;2
5;167;22;1
12;167;115;2
17;167;723;1
2;167;1500;2
14;167;166;3
11;167;806;2
7;167;6533;2
10;167;2721;3
15;167;2430;2
11;168;316;2
16;168;176;2
3;168;265;2
2;168;235;2
9;168;237;2
17;168;177;1
13;168;294;2
8;168;29;2
7;168;365;3
12;168;145;2
10;168;627;3
5;168;55;1
6;168;231;2
4;168;424;2
14;168;187;3
15;168;304;2
13;169;218;2
15;169;50;2
12;169;139;2
6;169;439;2
10;169;521;3
9;169;220;2
4;169;339;2
7;169;502;3
16;169;145;2
3;169;262;2
5;169;95;1
17;169;114;1
8;169;249;2
14;169;383;3
2;169;370;2
11;169;382;2
8;170;162;2
14;170;193;3
16;170;90;2
9;170;30;2
13;170;277;2
10;170;459;3
15;170;168;2
7;170;535;3
4;170;399;2
5;170;197;1
2;170;489;2
3;170;442;2
12;170;102;2
6;170;369;2
11;170;368;2
17;170;203;1
16;171;281;2
13;171;364;2
10;171;699;3
11;171;365;2
12;171;159;2
4;171;1321;2
14;171;339;3
15;171;190;2
9;171;267;2
7;171;451;3
3;171;327;2
17;171;14;1
6;171;305;2
8;171;38;2
5;171;185;1
2;171;451;2
6;172;304;2
14;172;1607;3
15;172;97;2
5;172;217;1
7;172;190;2
10;172;538;3
17;172;212;1
11;172;268;2
16;172;1566;2
8;172;1479;2
9;172;802;2
12;172;186;2
4;172;3299;2
13;172;2784;2
3;172;3207;2
2;172;415;2
8;173;165;2
9;173;265;2
11;173;342;2
3;173;382;2
16;173;79;2
14;173;417;3
7;173;189;2
15;173;357;2
17;173;163;1
12;173;233;2
5;173;179;1
13;173;335;2
6;173;263;2
2;173;341;2
10;173;600;3
4;173;414;2
5;174;137;1
2;174;443;2
11;174;376;2
7;174;192;2
12;174;247;2
14;174;245;3
10;174;474;3
9;174;280;2
17;174;220;1
8;174;114;2
13;174;1360;2
4;174;1520;2
16;174;2118;2
6;174;424;2
3;174;333;2
15;174;151;2
2;175;326;2
17;175;85;1
15;175;84;2
12;175;269;2
14;175;375;3
7;175;151;2
3;175;313;2
10;175;561;3
5;175;180;1
13;175;268;2
8;175;472;2
9;175;260;2
16;175;1096;2
6;175;1517;2
4;175;361;2
11;175;395;2
15;176;175;2
10;176;606;3
3;176;339;2
7;176;162;2
17;176;58;1
4;176;312;2
16;176;162;2
2;176;324;2
12;176;59;2
9;176;280;2
13;176;320;2
8;176;280;2
5;176;228;1
11;176;209;2
14;176;413;3
6;176;358;2
15;177;83;2
3;177;336;2
13;177;421;2
12;177;265;2
11;177;299;2
8;177;177;2
6;177;284;2
10;177;660;3
2;177;216;2
16;177;204;2
9;177;45;2
17;177;86;1
7;177;30;2
4;177;255;2
14;177;389;3
5;177;33;1
4;178;3570;2
8;178;1078;2
12;178;83;2
11;178;333;2
6;178;326;2
17;178;243;1
3;178;233;2
15;178;129;2
9;178;207;2
2;178;354;2
7;178;179;2
10;178;646;3
13;178;298;2
14;178;349;3
5;178;149;1
16;178;46;2
9;179;93;2
16;179;44;2
15;179;187;2
7;179;159;2
11;179;1450;2
2;179;1514;2
8;179;95;2
4;179;408;2
10;179;661;3
6;179;250;2
5;179;31;1
12;179;114;2
14;179;199;3
17;179;56;1
3;179;452;3
13;179;459;2
4;180;561;2
6;180;442;2
15;180;75;2
17;180;31;1
12;180;402;2
3;180;605;3
10;180;564;3
2;180;460;2
5;180;184;1
14;180;366;3
7;180;178;2
13;180;1504;2
11;180;3035;2
9;180;240;2
16;180;250;2
8;180;175;2
3;181;1714;3
13;181;1716;2
16;181;87;2
9;181;85;2
11;181;430;2
12;181;222;2
14;181;312;3
6;181;326;2
8;181;220;2
7;181;123;2
5;181;25;1
2;181;213;2
4;181;235;2
17;181;112;1
10;181;658;3
15;181;176;2
8;182;234;2
14;182;305;3
9;182;95;1
4;182;355;2
11;182;419;2
16;182;182;2
17;182;251;1
7;182;263;2
12;182;230;2
2;182;459;2
5;182;22;1
6;182;415;2
10;182;488;3
13;182;378;2
3;182;526;3
15;182;179;2
17;183;88;1
12;183;288;2
2;183;450;2
8;183;1638;2
3;183;2737;3
13;183;1793;2
5;183;1229;1
9;183;131;1
4;183;425;2
7;183;115;2
14;183;209;3
11;183;1675;2
15;183;1127;2
10;183;3998;3
6;183;1980;2
16;183;81;2
10;184;452;3
5;184;91;1
14;184;396;3
12;184;106;2
8;184;249;2
2;184;374;2
11;184;415;2
9;184;97;1
17;184;50;1
6;184;315;2
3;184;698;3
16;184;129;2
7;184;259;2
4;184;214;2
13;184;324;2
15;184;108;2
3;185;635;3
10;185;574;3
12;185;249;2
5;185;26;1
7;185;248;2
13;185;390;2
16;185;228;2
15;185;248;2
8;185;82;2
14;185;250;3
9;185;170;1
4;185;385;2
6;185;289;2
2;185;433;2
11;185;400;2
17;185;186;1
10;186;562;3
15;186;111;2
14;186;395;3
3;186;1515;3
13;186;1627;2
11;186;278;2
2;186;212;2
17;186;1286;1
9;186;2033;1
6;186;3418;2
5;186;223;1
8;186;2211;2
4;186;1580;2
12;186;178;2
16;186;419;2
7;186;157;2
2;187;222;2
6;187;253;2
8;187;139;2
10;187;682;3
5;187;85;1
13;187;423;2
11;187;257;2
16;187;289;2
7;187;232;2
4;187;268;2
15;187;115;2
9;187;236;1
14;187;330;3
12;187;115;2
17;187;228;1
3;187;677;3
2;188;257;2
17;188;105;1
14;188;1780;3
8;188;1467;2
7;188;2106;2
10;188;605;3
5;188;239;1
11;188;604;2
16;188;362;2
12;188;38;2
4;188;412;2
6;188;293;2
13;188;430;2
9;188;239;1
3;188;613;3
15;188;286;2
11;189;288;2
17;189;93;1
8;189;110;2
16;189;274;2
9;189;129;1
5;189;199;1
2;189;458;2
7;189;1335;2
6;189;2002;2
3;189;1400;3
4;189;380;2
12;189;244;2
15;189;76;2
10;189;486;3
13;189;268;2
14;189;231;3
12;190;190;2
14;190;174;3
10;190;583;3
17;190;70;1
4;190;222;2
9;190;202;1
11;190;2402;2
16;190;1108;2
8;190;2607;2
3;190;515;3
6;190;215;2
5;190;200;1
7;190;248;2
2;190;1269;2
13;190;1726;2
15;190;48;2
17;191;700;1
9;191;2329;1
5;191;3583;1
11;191;1001;2
2;191;565;2
7;191;170;2
14;191;3597;3
16;191;316;2
13;191;430;2
6;191;413;2
4;191;341;2
15;191;83;2
3;191;651;3
10;191;632;3
7;192;48;2
8;191;2424;2
12;191;3542;2
12;192;2438;2
10;192;495;3
9;192;83;1
6;192;375;2
2;192;383;2
17;192;247;1
14;192;261;3
13;192;494;2
4;192;453;2
5;192;85;1
15;192;27;2
11;192;282;2
3;192;659;3
8;192;410;3
16;192;376;2
17;193;217;1
11;193;287;2
14;193;657;3
9;193;65;1
2;193;292;2
8;193;403;3
13;193;400;2
16;193;272;2
3;193;1657;3
10;193;1736;3
6;193;390;2
15;193;126;2
7;193;139;2
5;193;228;1
4;193;333;2
5;194;1866;1
12;193;2442;2
3;194;1475;3
7;194;110;2
2;194;462;2
9;194;136;1
17;194;1244;1
13;194;1696;2
10;194;1592;3
15;194;85;2
12;194;160;2
11;194;304;2
16;194;252;2
4;194;214;2
6;194;295;2
8;194;514;3
14;194;671;3
9;195;233;1
17;195;107;1
3;195;1389;3
15;195;1305;2
14;195;575;3
5;195;160;1
4;195;224;2
7;195;1117;2
6;195;1717;2
16;195;454;2
12;195;80;2
8;195;425;3
2;195;431;2
11;195;323;2
13;195;243;2
10;195;643;3
3;196;418;3
9;196;177;1
11;196;277;2
5;196;222;1
7;196;1953;2
16;196;450;2
15;196;274;2
13;196;257;2
12;196;122;2
2;196;410;2
8;196;456;3
4;196;241;2
14;196;636;3
17;196;266;1
10;196;643;3
6;196;635;2
4;197;247;2
5;197;41;1
10;197;646;3
17;197;205;1
8;197;323;3
13;197;431;2
9;197;119;1
14;197;670;3
16;197;414;2
15;197;91;2
6;197;1436;2
3;197;393;3
2;197;2407;2
12;197;80;2
11;197;450;2
7;197;46;2
3;198;502;3
9;198;205;1
6;198;336;2
10;198;527;3
16;198;428;2
12;198;216;2
2;198;351;2
8;198;364;3
14;198;679;3
13;198;350;2
7;198;204;2
11;198;356;2
15;198;258;2
4;198;1825;2
5;198;1701;1
17;198;2381;1
8;199;381;3
4;199;290;2
7;199;111;2
12;199;58;2
16;199;284;2
2;199;214;2
14;199;565;3
10;199;604;3
15;199;84;2
9;199;207;1
17;199;93;1
3;199;2350;3
11;199;3548;2
13;199;3860;2
5;199;169;1
6;199;432;2
11;200;409;2
9;200;147;1
15;200;150;2
13;200;386;2
3;200;427;3
6;200;454;2
10;200;574;3
2;200;228;2
16;200;293;2
12;200;62;2
5;200;121;1
4;200;215;2
17;200;137;1
7;200;482;2
8;200;537;3
14;200;548;3
11;201;317;2
17;201;66;1
12;201;98;2
3;201;413;3
5;201;162;1
15;201;157;2
9;201;233;1
8;201;325;3
6;201;418;2
14;201;551;3
7;201;65;2
10;201;606;3
13;201;331;2
4;201;375;2
16;201;460;2
2;201;415;2
16;202;461;2
6;202;261;2
13;202;343;2
8;202;410;3
11;202;1730;2
4;202;1631;2
14;202;1526;3
2;202;444;2
15;202;133;2
7;202;166;2
5;202;40;1
12;202;268;2
9;202;94;1
17;202;147;1
3;202;492;3
10;202;686;3
7;203;130;2
15;203;30;2
17;203;236;1
8;203;336;3
3;203;394;3
12;203;226;2
9;203;83;1
16;203;229;2
6;203;249;2
11;203;398;2
13;203;291;2
14;203;617;3
4;203;224;2
5;203;266;1
2;203;361;2
10;203;557;3
6;204;249;2
2;204;378;2
4;204;346;2
12;204;1880;2
10;204;2986;3
3;204;1722;3
13;204;1591;2
7;204;189;2
14;204;2103;3
8;204;2096;3
16;204;309;2
15;204;264;2
5;204;154;1
17;204;116;1
11;204;340;2
9;204;140;1
9;205;65;1
14;205;647;3
17;205;197;1
11;205;332;2
13;205;212;2
16;205;321;2
5;205;320;1
2;205;258;2
15;205;85;2
8;205;376;3
7;205;210;2
4;205;290;2
6;205;399;2
12;205;222;2
3;205;523;3
10;205;517;3
5;206;256;1
7;206;190;2
13;206;336;2
8;206;392;3
11;206;446;2
6;206;214;2
2;206;214;2
10;206;508;3
12;206;75;2
17;206;13;1
4;206;214;2
16;206;253;2
9;206;227;1
15;206;253;2
14;206;571;3
3;206;395;3
15;207;130;2
11;207;459;2
10;207;622;3
7;207;254;2
8;207;418;3
5;207;140;1
13;207;433;2
3;207;1541;3
12;207;1541;2
16;207;384;2
4;207;310;2
17;207;142;1
14;207;557;3
6;207;373;2
9;207;247;1
2;207;252;2
16;208;359;2
12;208;228;2
11;208;257;2
13;208;254;2
5;208;107;1
10;208;632;3
6;208;262;2
3;208;395;3
2;208;244;2
7;208;1083;2
4;208;1491;2
9;208;140;1
14;208;1871;3
15;208;57;2
17;208;70;1
8;208;308;3
6;209;217;2
12;209;95;2
3;209;398;3
9;209;166;1
16;209;312;2
7;209;241;2
10;209;475;3
2;209;463;2
14;209;639;3
17;209;147;1
4;209;286;2
11;209;387;2
8;209;309;3
15;209;3133;2
13;209;4078;2
5;209;3795;1
12;210;188;2
14;210;502;3
11;210;361;2
17;210;167;1
8;210;428;3
6;210;326;2
10;210;591;3
7;210;163;2
2;210;1417;2
13;210;1400;2
4;210;872;2
5;210;291;1
9;210;2386;1
15;210;49;2
3;210;432;3
16;210;357;2
13;211;448;2
6;211;405;2
10;211;1631;3
3;211;1962;3
5;211;283;1
9;211;2719;1
11;211;244;2
8;211;333;3
12;211;106;2
2;211;4759;2
4;211;5108;2
16;211;313;2
15;211;153;2
7;211;86;2
17;211;261;1
14;211;2031;3
14;212;943;3
8;212;397;3
7;212;130;2
6;212;285;2
15;212;262;2
9;212;107;1
10;212;536;3
3;212;2075;3
2;212;1805;2
11;212;931;2
13;212;451;2
4;212;853;2
17;212;4549;1
12;212;2389;2
16;212;237;2
5;212;138;1
3;213;425;3
12;213;273;2
9;213;256;1
17;213;133;1
4;213;2394;2
16;213;679;2
10;213;3294;3
13;213;315;2
14;213;641;3
2;213;4244;2
8;213;393;3
7;213;253;2
5;213;259;1
15;213;152;2
11;213;214;2
6;213;231;2
14;214;483;3
4;214;479;3
10;214;499;3
12;214;186;2
17;214;2767;1
15;214;500;2
3;214;3749;3
6;214;1556;2
16;214;701;2
5;214;29;1
7;214;162;2
8;214;347;3
11;214;441;2
13;214;216;2
9;214;120;1
2;214;338;2
10;215;527;3
11;215;436;2
8;215;377;3
4;215;280;2
3;215;456;3
14;215;489;3
13;215;315;2
7;215;126;2
16;215;329;2
6;215;430;2
15;215;169;2
5;215;251;1
9;215;151;1
12;215;272;2
2;215;436;2
17;215;70;1
5;216;98;1
11;216;433;2
2;216;334;2
10;216;655;3
14;216;562;3
9;216;80;1
4;216;1373;2
8;216;1542;3
16;216;530;2
7;216;2528;2
15;216;33;2
3;216;365;3
13;216;356;2
6;216;368;2
17;216;65;1
12;216;236;2
17;217;69;1
5;217;33;1
14;217;638;3
13;217;435;2
6;217;688;2
10;217;602;3
12;217;131;2
4;217;255;2
16;217;336;2
9;217;213;1
8;217;300;3
2;217;648;2
11;217;3898;2
3;217;372;3
15;217;190;2
7;217;247;2
15;218;237;2
3;218;442;3
8;218;314;3
2;218;375;2
6;218;455;2
11;218;320;2
7;218;84;2
9;218;103;1
17;218;250;1
13;218;376;2
12;218;1061;2
4;218;1527;2
16;218;409;2
5;218;166;1
14;218;455;3
10;218;603;3
9;219;50;1
17;219;64;1
15;219;248;2
7;219;129;2
2;219;444;2
12;219;227;2
11;219;278;2
16;219;248;2
8;219;408;3
6;219;234;2
4;219;1461;2
14;219;1981;3
5;219;209;1
13;219;427;2
3;219;395;3
10;219;589;3
8;220;421;3
4;220;395;2
17;220;34;1
12;220;280;2
11;220;351;2
3;220;496;3
16;220;316;2
5;220;241;1
10;220;689;3
9;220;34;1
15;220;171;2
6;220;265;2
2;220;405;2
14;220;512;3
7;220;1052;2
13;220;1735;2
3;221;549;3
5;221;192;1
8;221;435;3
13;221;327;2
16;221;455;2
2;221;225;2
9;221;241;1
10;221;505;3
15;221;43;2
11;221;1769;2
14;221;943;3
7;221;2156;2
6;221;255;2
17;221;112;1
4;221;225;2
12;221;72;2
17;222;14;1
5;222;147;1
3;222;351;3
16;222;507;2
11;222;426;2
9;222;225;1
14;222;606;3
10;222;538;3
12;222;228;2
7;222;219;2
15;222;103;2
8;222;351;3
13;222;2224;2
6;222;2257;2
2;222;3387;2
4;222;3999;2
9;223;39;1
7;223;238;2
17;223;168;1
10;223;550;3
2;223;305;2
11;223;447;2
13;223;163;2
6;223;248;2
5;223;105;1
15;223;105;2
16;223;450;2
12;223;1271;2
4;223;1637;2
3;223;542;3
14;223;616;3
8;223;403;3
9;224;257;1
3;224;454;3
14;224;685;3
8;224;460;3
10;224;634;3
17;224;101;1
7;224;476;2
6;224;447;2
12;224;85;2
2;224;395;2
16;224;288;2
4;224;410;2
11;224;331;2
5;224;162;1
13;224;181;2
15;224;250;2
11;225;278;2
13;225;271;2
2;225;220;2
16;225;290;2
9;225;267;1
17;225;80;1
15;225;179;2
8;225;351;3
4;225;249;2
5;225;183;1
10;225;621;3
7;225;1398;2
3;225;2192;3
14;225;2105;3
6;225;512;2
12;225;146;2
2;226;315;2
8;226;453;3
15;226;258;2
10;226;485;3
3;226;537;3
16;226;361;2
6;226;248;2
5;226;38;1
4;226;264;2
9;226;126;1
13;226;31;2
14;226;1531;3
11;226;1484;2
12;226;95;2
7;226;153;2
17;226;72;1
13;227;194;2
15;227;233;2
12;227;169;2
11;227;320;2
6;227;442;2
8;227;523;3
9;227;104;1
16;227;312;2
5;227;1049;1
7;227;1391;2
4;227;360;2
3;227;392;3
2;227;402;2
17;227;1076;1
14;227;1933;3
10;227;1307;3
17;228;174;1
10;228;466;3
14;228;692;3
8;228;323;3
15;228;41;2
5;228;1037;1
3;228;1642;3
11;228;531;2
7;228;2681;2
2;228;260;2
4;228;431;2
13;228;160;2
12;228;75;2
6;228;422;2
16;228;272;2
9;228;218;1
10;229;582;3
5;229;169;1
8;229;386;3
13;229;273;2
14;229;559;3
2;229;461;2
3;229;543;3
7;229;221;2
12;229;131;2
6;229;392;2
11;229;282;2
17;229;18;1
4;229;386;2
16;229;393;2
9;229;15;1
15;229;250;2
7;230;117;2
15;230;214;2
17;230;74;1
14;230;590;3
13;230;437;2
4;230;282;2
12;230;1486;2
6;230;225;2
10;230;1801;3
3;230;2455;3
2;230;299;2
8;230;306;3
9;230;208;1
11;230;420;2
5;230;101;1
16;230;412;2
16;231;381;2
2;231;389;2
12;231;167;2
15;231;754;2
10;231;2304;3
9;231;2179;1
3;231;458;3
5;231;76;1
6;231;411;2
14;231;463;3
8;231;487;3
11;231;385;2
13;231;181;2
7;231;124;2
17;231;93;1
4;231;452;2
12;232;103;2
17;232;261;1
9;232;178;1
13;232;199;2
15;232;42;2
10;232;453;3
3;232;458;3
6;232;321;2
8;232;470;3
2;232;213;2
5;232;250;1
14;232;2628;3
4;232;592;2
11;232;4438;2
7;232;155;2
16;232;359;2
11;233;251;2
7;233;224;2
14;233;460;3
16;233;236;2
10;233;482;3
8;233;543;3
12;233;1691;2
17;233;206;1
13;233;2359;2
9;233;228;1
3;233;445;3
6;233;400;2
2;233;298;2
15;233;32;2
4;233;230;2
5;233;32;1
13;234;222;2
7;234;258;2
3;234;538;3
4;234;278;2
2;234;1409;2
6;234;1489;2
12;234;236;2
10;234;535;3
15;234;66;2
8;234;319;3
17;234;143;1
11;234;236;2
5;234;250;1
16;234;281;2
14;234;531;3
9;234;147;1
5;235;40;1
17;235;79;1
4;235;286;2
14;235;518;3
10;235;1494;3
9;235;1516;1
7;235;157;2
13;235;232;2
3;235;300;3
16;235;369;2
2;235;221;2
8;235;486;3
15;235;222;2
6;235;240;2
11;235;340;2
12;235;267;2
11;236;460;2
17;236;118;1
12;236;427;2
9;236;123;1
10;236;451;3
7;236;211;2
2;236;899;2
4;236;487;2
6;236;2739;2
16;236;2855;2
8;236;1292;3
15;236;154;2
14;236;625;3
13;236;128;2
3;236;493;3
5;236;151;1
9;237;189;1
2;237;310;2
11;237;460;2
14;237;547;3
4;237;379;2
13;237;113;2
16;237;370;2
6;237;378;2
12;237;280;2
7;237;204;2
5;237;265;1
17;237;19;1
10;237;340;3
8;237;400;3
15;237;161;2
3;237;323;3
13;238;255;2
16;238;381;2
14;238;460;3
9;238;80;1
2;238;447;2
17;238;2046;1
15;238;473;2
5;238;4192;1
3;238;533;3
11;238;244;2
4;238;447;2
12;238;268;2
10;238;322;3
8;238;420;3
7;238;257;2
6;238;385;2
5;239;49;1
17;239;75;1
12;239;454;2
16;239;388;2
11;239;343;2
3;239;467;3
2;239;387;2
15;239;61;2
8;239;535;3
10;239;420;3
6;239;388;2
7;239;397;2
4;239;321;2
9;239;148;1
14;239;584;3
13;239;45;2
