2;5;121;1
3;6;84;1
2;6;59;1
2;7;37;1
3;7;49;1
3;8;121;1
2;8;86;1
3;9;199;1
2;9;46;1
2;10;200;1
3;10;93;1
2;11;81;1
3;11;106;1
7;11;458;2
5;11;395;2
6;12;461;2
3;12;319;1
4;12;306;2
2;12;206;1
5;12;471;2
7;12;1469;2
4;13;1675;2
3;13;220;1
5;13;438;2
2;13;433;1
6;13;452;2
7;13;385;2
10;14;520;3
4;14;416;2
6;14;270;2
5;14;360;2
2;14;442;1
7;14;1435;2
3;14;1408;1
8;14;2749;3
8;15;1600;3
4;15;1823;2
2;15;1388;1
6;15;2625;2
10;15;2983;3
3;15;2457;1
7;15;271;2
5;15;2624;2
4;16;1464;2
5;16;848;2
6;16;2553;2
10;16;2228;3
3;16;1559;1
7;16;1186;2
8;16;2555;3
2;16;1652;1
2;17;1032;1
3;17;156;1
11;17;544;3
6;17;373;2
10;17;513;3
5;17;355;2
8;17;633;3
7;17;280;2
11;18;538;3
3;18;55;1
5;18;319;2
2;18;189;1
6;18;1335;2
6;19;830;2
10;18;1111;3
4;18;2413;2
3;19;1040;1
8;18;3389;3
10;19;3468;3
11;19;2909;3
6;20;2646;2
11;20;693;3
8;19;6464;3
3;20;100;1
9;18;8228;3
5;19;5104;2
10;20;1568;3
11;21;1437;3
5;20;2688;2
8;20;2895;3
8;21;3289;3
9;21;2148;3
4;21;1921;2
2;21;1274;1
4;22;600;2
2;22;843;1
8;22;757;3
3;21;5541;1
10;21;5079;3
3;22;1099;1
6;22;2869;2
10;22;3072;3
6;23;942;2
5;22;1653;2
7;23;270;2
9;22;2426;3
4;23;502;2
11;23;618;3
8;23;621;3
3;23;248;1
10;23;3598;3
3;24;2288;1
6;24;2631;2
10;24;1520;3
11;24;2009;3
7;25;741;2
9;23;6403;3
2;23;6182;1
5;23;6197;2
11;25;580;3
6;25;316;2
3;25;111;1
6;26;319;2
5;25;1753;2
10;25;664;3
3;26;27;1
10;26;464;3
5;26;548;2
2;26;27;1
9;25;4070;3
8;25;3313;3
4;26;2961;2
11;26;4930;3
7;26;4678;2
7;27;3550;2
10;28;688;3
6;28;323;2
8;26;7611;3
4;27;6177;2
9;27;4376;3
2;28;313;1
11;28;2257;3
3;28;2358;1
3;29;356;1
6;29;1704;2
7;28;1855;2
7;29;641;2
9;28;4406;3
4;28;4072;2
5;28;5816;2
2;29;2163;1
5;29;2737;2
2;30;17;1
8;30;656;3
9;30;774;3
10;29;5316;3
11;29;4690;3
11;30;4476;3
10;30;3787;3
11;31;4081;3
3;31;1917;1
10;31;1478;3
6;32;482;2
10;32;912;3
3;32;514;1
7;32;785;2
4;31;6475;2
9;31;6772;3
2;32;2776;1
4;33;2246;2
9;33;2142;3
8;33;641;3
5;33;649;2
9;34;666;3
2;34;257;1
8;34;854;3
6;33;6563;2
11;32;7078;3
4;34;1510;2
5;34;767;2
2;35;466;1
8;35;590;3
7;33;8536;2
7;34;3643;2
3;34;4079;1
3;35;922;1
10;35;2438;3
11;35;2563;3
9;35;3681;3
5;35;2900;2
7;36;1561;2
6;36;1286;2
11;36;1855;3
4;35;6068;2
8;36;2908;3
4;36;2563;2
4;37;3120;2
9;37;2369;3
5;36;4307;2
8;37;1037;3
2;37;884;1
5;37;1110;2
11;37;3825;3
6;37;3155;2
7;37;2579;2
11;38;620;3
4;38;371;2
10;38;638;3
6;38;684;2
2;38;71;1
5;38;259;2
11;39;2013;3
10;39;1496;3
6;39;2065;2
7;39;1513;2
3;39;511;1
8;38;5941;3
8;39;4509;3
3;40;14;1
10;40;1989;3
5;40;2328;2
8;40;3500;3
2;40;3319;1
4;41;563;2
9;41;565;3
5;41;563;2
7;40;4196;2
11;40;4308;3
6;40;4316;2
8;41;479;3
2;41;365;1
4;42;1863;2
11;41;4018;3
10;41;5073;3
11;42;3617;3
7;42;1523;2
6;42;1929;2
10;42;1656;3
3;43;829;1
11;43;1656;3
6;43;387;2
8;42;4884;3
5;42;4249;2
2;42;3846;1
7;43;270;2
2;43;105;1
4;44;430;2
10;43;652;3
10;44;799;3
7;44;336;2
3;44;379;1
8;44;1577;3
9;44;1757;3
2;44;490;1
11;44;2818;3
5;44;2202;2
8;45;1179;3
2;45;537;1
4;45;357;2
5;45;271;2
9;45;761;3
6;44;8527;2
7;45;4053;2
6;45;3762;2
5;46;3790;2
9;46;4375;3
2;46;2515;1
5;47;530;2
11;46;4883;3
6;46;5116;2
7;46;5359;2
6;47;1679;2
10;48;926;3
3;48;180;1
6;48;633;2
11;48;532;3
9;47;4515;3
2;47;2938;1
8;47;5294;3
4;48;2704;2
2;48;1917;1
2;49;221;1
7;48;3905;2
6;49;2130;2
3;49;1431;1
11;49;3074;3
10;49;2539;3
6;50;1074;2
5;49;3134;2
8;49;4917;3
4;49;3085;2
10;50;857;3
7;50;342;2
11;50;544;3
5;50;2983;2
9;50;3873;3
2;51;591;1
6;51;2556;2
7;51;1942;2
3;51;357;1
11;51;1927;3
10;51;2227;3
5;51;1295;2
4;51;1591;2
9;51;1850;3
8;51;1022;3
3;52;65;1
11;52;3340;3
7;52;2878;2
10;52;3340;3
11;53;1133;3
6;53;1583;2
10;53;528;3
3;53;202;1
7;53;491;2
4;52;5061;2
5;52;4526;2
3;54;1942;1
6;54;1842;2
7;54;845;2
11;54;792;3
10;54;811;3
11;55;866;3
10;55;594;3
6;55;452;2
8;53;9069;3
5;53;6707;2
2;54;5544;1
4;55;2206;2
9;55;1948;3
4;56;599;2
3;55;2525;1
7;55;1018;2
7;56;1102;2
11;56;2290;3
3;56;2040;1
6;56;2533;2
10;56;2322;3
3;57;1202;1
6;57;612;2
11;57;895;3
10;57;648;3
3;58;95;1
7;57;746;2
6;58;868;2
7;58;597;2
11;58;1819;3
10;58;2266;3
9;56;9716;3
8;56;9201;3
4;57;8513;2
8;59;560;3
10;59;621;3
4;59;291;2
3;59;208;1
5;59;300;2
7;59;455;2
2;59;59;1
11;59;646;3
6;59;515;2
9;59;1803;3
8;60;1687;3
9;60;720;3
11;60;2706;3
10;60;1632;3
7;60;665;2
3;60;1147;1
6;60;1687;2
11;61;1078;3
3;61;696;1
7;61;388;2
5;60;4260;2
10;61;1653;3
6;61;1613;2
2;60;5915;1
4;60;6063;2
5;61;2848;2
4;62;377;2
11;62;725;3
6;62;633;2
10;62;782;3
7;62;313;2
2;62;235;1
8;62;1701;3
3;62;1401;1
7;63;387;2
3;63;174;1
9;62;2068;3
4;63;1895;2
10;63;638;3
6;63;2630;2
11;63;2404;3
6;64;1763;2
9;63;3969;3
2;63;3763;1
8;63;4760;3
5;64;1694;2
9;64;883;3
5;65;1401;2
2;65;498;1
4;65;444;2
8;65;487;3
9;65;892;3
3;64;5358;1
11;64;6022;3
7;65;1436;2
9;66;699;3
5;66;1662;2
4;66;861;2
2;66;597;1
8;66;882;3
8;67;676;3
9;67;581;3
3;66;4650;1
6;66;5497;2
11;66;5236;3
10;67;3379;3
7;67;911;2
6;68;505;2
10;68;912;3
3;68;148;1
11;68;513;3
2;67;5091;1
4;67;4436;2
5;67;5528;2
2;68;1732;1
4;68;3334;2
4;69;1613;2
5;68;3687;2
7;68;3824;2
10;69;3036;3
11;69;2519;3
6;69;2893;2
7;69;3355;2
6;70;675;2
7;70;326;2
10;70;879;3
3;70;15;1
11;70;606;3
5;69;4133;2
2;70;2301;1
9;69;4039;3
4;70;3095;2
9;70;2432;3
5;70;4496;2
3;71;1362;1
7;71;1324;2
10;71;1777;3
11;71;1010;3
3;72;396;1
5;71;3850;2
2;71;3377;1
9;71;3818;3
6;72;441;2
4;72;294;2
5;72;408;2
11;72;474;3
10;72;660;3
7;72;1477;2
10;73;1359;3
3;73;340;1
6;73;352;2
8;72;4205;3
2;72;3983;1
8;73;4247;3
3;74;1076;1
11;73;3048;3
7;73;3142;2
10;74;1597;3
5;73;4868;2
4;73;5288;2
9;73;3835;3
7;74;1872;2
6;75;668;2
11;75;935;3
7;75;791;2
3;75;642;1
4;74;5255;2
10;75;1513;3
6;76;1539;2
3;76;1639;1
7;76;680;2
10;76;965;3
11;76;622;3
4;75;7863;2
2;75;7794;1
3;77;1282;1
6;77;2016;2
8;75;7870;3
8;77;2007;3
2;77;940;1
4;77;1977;2
9;77;2295;3
8;78;1716;3
4;78;1715;2
5;77;3204;2
3;78;2856;1
11;77;6059;3
6;78;4853;2
7;77;5402;2
7;78;2773;2
3;79;633;1
11;79;546;3
6;79;710;2
10;79;558;3
9;78;5208;3
9;79;4206;3
8;79;4184;3
4;80;784;2
9;80;1919;3
5;80;1747;2
8;80;1228;3
2;80;557;1
2;81;388;1
4;81;627;2
8;81;616;3
7;79;6485;2
10;80;6946;3
6;80;4974;2
10;81;3113;3
11;81;3174;3
5;81;1388;2
9;81;1707;3
5;82;935;2
2;82;321;1
6;81;3334;2
11;82;3934;3
6;82;3964;2
3;82;2458;1
11;83;1598;3
3;83;1332;1
6;83;1186;2
4;82;4426;2
9;82;3739;3
8;83;2694;3
9;83;2672;3
9;84;1349;3
8;84;1147;3
4;84;1594;2
5;84;1442;2
2;84;844;1
10;83;5051;3
7;83;5878;2
10;84;5874;3
11;85;2616;3
4;85;2805;2
2;85;1659;1
9;85;2882;3
2;86;14;1
7;86;426;2
3;86;333;1
6;86;727;2
10;86;510;3
11;86;470;3
4;86;326;2
5;86;463;2
2;87;217;1
9;86;1893;3
8;86;2167;3
8;87;1368;3
5;87;287;2
4;87;302;2
3;87;1285;1
10;87;3172;3
3;88;1122;1
6;87;2874;2
10;88;974;3
11;88;1192;3
9;87;3544;3
6;88;1877;2
4;88;3659;2
2;88;4701;1
2;89;1093;1
9;88;3043;3
8;88;3283;3
6;89;3396;2
9;89;2004;3
4;89;1795;2
8;89;2068;3
9;90;1942;3
5;88;7245;2
5;89;4547;2
7;88;9657;2
8;90;2531;3
4;90;3064;2
5;90;4264;2
5;91;501;2
8;91;729;3
11;89;7862;3
7;90;5314;2
10;90;5565;3
6;91;311;2
3;92;1097;1
4;91;1612;2
2;91;4336;1
9;91;5057;3
2;92;3189;1
10;91;5462;3
7;92;4659;2
10;92;4886;3
10;93;549;3
9;93;597;3
2;93;1125;1
3;93;1405;1
8;93;2753;3
5;93;3044;2
5;94;866;2
8;94;542;3
2;94;284;1
4;94;504;2
9;94;510;3
11;93;6434;3
6;93;8907;2
6;94;8149;2
11;95;3135;3
3;96;365;1
7;95;909;2
7;96;695;2
10;95;2146;3
11;96;2388;3
6;96;1054;2
4;95;5065;2
2;95;5200;1
5;96;1879;2
2;96;406;1
8;96;2631;3
9;96;1556;3
10;96;571;3
9;97;1548;3
7;97;1576;2
2;97;1081;1
6;97;1766;2
3;97;4775;1
11;97;5905;3
10;97;6276;3
10;98;1344;3
3;99;606;1
4;97;7902;2
7;99;1510;2
11;99;1234;3
6;99;517;2
8;97;11169;3
8;98;7957;3
4;99;4018;2
4;100;875;2
9;100;1576;3
10;99;2880;3
11;100;4119;3
10;100;2590;3
3;100;1927;1
7;100;1437;2
10;101;1290;3
3;101;521;1
6;101;695;2
7;101;753;2
11;101;1122;3
2;100;4690;1
5;100;4643;2
11;102;2079;3
7;102;1349;2
3;102;281;1
8;100;8068;3
9;101;7694;3
9;102;4866;3
2;103;1091;1
9;103;1650;3
4;103;270;2
6;102;3665;2
10;102;5037;3
6;103;4631;2
7;103;2268;2
11;104;1052;3
5;103;2704;2
6;104;1346;2
8;103;4236;3
8;104;4373;3
2;104;2927;1
4;104;2512;2
5;105;1619;2
9;104;2622;3
4;105;1532;2
2;105;755;1
9;105;2713;3
4;106;445;2
5;106;742;2
9;106;650;3
8;106;507;3
10;104;7308;3
3;104;8069;1
3;105;4916;1
2;106;1991;1
8;107;677;3
7;107;1429;2
10;106;3609;3
6;107;1542;2
9;107;1732;3
2;107;673;1
5;107;1812;2
4;107;2367;2
10;107;4581;3
11;107;3057;3
3;107;3729;1
11;108;2367;3
4;108;2525;2
5;108;2444;2
10;108;1996;3
7;109;1932;2
10;109;1832;3
3;109;311;1
2;108;5542;1
8;108;5830;3
4;109;5415;2
5;109;2721;2
8;110;2283;3
11;109;3931;3
6;110;2930;2
3;110;1853;1
10;110;3500;3
11;111;1796;3
3;111;103;1
10;111;562;3
2;110;4027;1
5;110;5400;2
5;111;4782;2
6;111;2426;2
7;111;1507;2
3;112;1326;1
7;112;1348;2
6;112;622;2
3;113;520;1
11;112;2349;3
11;113;1401;3
10;112;2975;3
4;112;3988;2
2;112;3758;1
8;112;4217;3
9;113;577;3
6;113;346;2
4;113;447;2
8;113;506;3
7;113;343;2
10;113;540;3
10;114;473;3
2;114;173;1
9;114;551;3
4;114;2849;2
5;114;1392;2
8;114;1645;3
9;115;1079;3
6;114;3834;2
3;114;3731;1
7;114;3881;2
2;115;197;1
5;115;297;2
8;115;482;3
4;115;1275;2
9;116;765;3
2;116;973;1
8;116;1704;3
4;116;1296;2
3;115;3453;1
6;115;4816;2
10;115;4855;3
10;116;1181;3
5;116;304;2
9;117;495;3
8;117;1835;3
2;117;1312;1
5;117;1023;2
4;117;718;2
7;117;3477;2
6;117;1242;2
3;117;1209;1
10;118;2124;3
3;118;204;1
2;118;2256;1
9;118;2213;3
4;118;1863;2
7;118;1467;2
11;118;1931;3
6;118;1433;2
3;119;470;1
11;119;2663;3
9;119;2007;3
8;119;1922;3
4;119;709;2
2;119;1204;1
5;119;1397;2
8;120;2154;3
9;120;1491;3
4;120;1392;2
2;120;220;1
5;120;730;2
2;121;122;1
8;121;623;3
4;121;435;2
7;119;7138;2
10;119;7842;3
3;120;6126;1
11;121;649;3
5;121;473;2
7;121;1284;2
11;122;1297;3
10;122;981;3
3;122;228;1
6;122;466;2
9;121;3306;3
4;122;1588;2
2;122;1381;1
8;122;809;3
9;122;834;3
7;122;388;2
5;122;471;2
3;123;1036;1
11;123;1813;3
7;123;1173;2
2;123;2235;1
4;123;2361;2
8;123;2435;3
6;123;384;2
10;123;653;3
2;124;110;1
9;123;1232;3
5;123;6397;2
5;124;2790;2
4;124;2468;2
9;124;1344;3
8;124;1071;3
4;125;797;2
2;125;127;1
9;125;782;3
8;125;634;3
5;125;340;2
6;124;6197;2
10;124;5336;3
3;124;5264;1
11;125;1052;3
3;126;94;1
6;126;2659;2
11;126;2534;3
9;126;2548;3
4;126;1941;2
2;126;1528;1
8;126;2822;3
5;126;2904;2
2;127;2181;1
10;126;3809;3
5;127;3117;2
9;127;4091;3
8;127;3545;3
9;128;1547;3
8;128;687;3
7;125;11147;2
3;127;6284;1
11;127;5390;3
6;128;2202;2
10;128;2503;3
3;129;625;1
10;129;920;3
7;129;771;2
2;128;3611;1
5;128;3556;2
4;129;4180;2
8;129;2861;3
4;130;2094;2
5;129;3270;2
2;130;273;1
5;130;523;2
8;130;685;3
9;130;553;3
11;129;6107;3
6;130;5889;2
10;130;6260;3
10;131;2367;3
5;131;2490;2
8;131;1049;3
2;131;975;1
7;131;399;2
9;131;680;3
3;132;230;1
6;132;1428;2
10;132;1238;3
11;132;762;3
7;132;528;2
3;133;388;1
6;133;405;2
7;133;456;2
2;132;3987;1
8;132;4212;3
5;132;3514;2
11;133;488;3
9;133;1665;3
2;133;1479;1
2;134;802;1
8;134;1496;3
10;133;4436;3
9;134;1632;3
3;134;4710;1
11;134;5264;3
6;135;1852;2
4;134;3157;2
4;135;530;2
11;135;457;3
8;135;2029;3
9;135;1849;3
2;135;1722;1
5;136;1235;2
3;135;2814;1
8;136;1743;3
4;136;1590;2
9;136;1590;3
2;136;970;1
9;137;513;3
4;137;437;2
7;135;6359;2
10;135;6720;3
3;136;4505;1
8;137;1743;3
2;137;1042;1
5;137;1158;2
10;137;2834;3
2;138;1682;1
8;138;2965;3
5;138;2974;2
4;138;375;2
9;138;572;3
4;139;699;2
9;139;1259;3
11;138;6733;3
6;138;5503;2
7;139;1022;2
5;139;3167;2
2;139;3208;1
8;139;2521;3
2;140;564;1
8;140;2193;3
5;140;2207;2
9;140;786;3
10;139;6584;3
3;140;4845;1
5;141;1845;2
8;141;2222;3
4;141;315;2
2;141;671;1
9;141;519;3
4;142;388;2
11;140;7687;3
3;141;4261;1
6;141;4726;2
10;142;519;3
2;142;201;1
8;142;582;3
6;142;398;2
3;142;390;1
5;142;473;2
11;142;1144;3
9;142;628;3
7;142;1381;2
3;143;1276;1
10;143;1908;3
7;143;1400;2
6;143;301;2
3;144;171;1
2;143;3878;1
5;143;1604;2
9;143;2005;3
7;144;282;2
6;144;2379;2
11;144;2299;3
10;144;2467;3
6;145;1009;2
4;144;3975;2
9;144;4149;3
5;144;4001;2
7;145;2140;2
10;145;2702;3
3;145;1746;1
11;146;1456;3
6;146;656;2
7;146;605;2
4;145;5161;2
2;145;5094;1
2;146;3443;1
3;147;191;1
5;146;1700;2
10;146;2457;3
11;147;1446;3
6;147;1222;2
10;147;1638;3
7;147;581;2
5;147;3372;2
4;146;4918;2
4;147;4650;2
2;148;448;1
6;148;330;2
4;148;1452;2
9;148;1137;3
11;148;2280;3
10;148;1857;3
3;148;1299;1
7;148;1627;2
7;149;1038;2
3;149;250;1
11;149;821;3
5;148;3743;2
8;148;2826;3
4;149;2411;2
8;149;1001;3
5;149;1566;2
2;149;2253;1
9;149;1561;3
2;150;926;1
5;150;887;2
10;149;3514;3
6;149;3460;2
6;150;4701;2
7;150;1842;2
3;150;2113;1
9;150;3864;3
11;151;1558;3
7;151;1572;2
3;151;1299;1
6;152;1214;2
10;151;1783;3
3;152;786;1
11;152;656;3
4;151;7191;2
8;150;7149;3
5;151;4981;2
9;152;1805;3
10;152;1513;3
3;153;1585;1
7;152;1587;2
10;153;1191;3
11;153;1643;3
6;153;1267;2
7;153;2018;2
3;154;45;1
8;152;7748;3
6;154;1422;2
11;154;1643;3
7;154;909;2
10;154;728;3
7;155;467;2
11;155;514;3
6;155;415;2
5;153;9016;2
4;153;7326;2
2;154;4821;1
3;155;1283;1
10;155;1153;3
9;155;3359;3
5;155;4411;2
8;155;3758;3
8;156;1365;3
2;156;697;1
9;156;1299;3
4;156;802;2
9;157;510;3
4;157;657;2
7;156;5825;2
3;156;5021;1
2;157;1937;1
8;157;1957;3
5;157;1533;2
5;158;694;2
2;158;47;1
9;158;792;3
8;158;785;3
10;156;10110;3
7;157;6847;2
10;157;7275;3
4;159;432;2
2;159;318;1
8;159;2075;3
9;159;1873;3
6;159;2620;2
7;159;2553;2
3;159;2421;1
5;159;1503;2
4;160;772;2
2;160;755;1
8;160;815;3
9;160;738;3
10;159;4339;3
3;160;741;1
3;161;75;1
5;160;472;2
8;161;1545;3
4;161;1682;2
5;161;2197;2
9;161;870;3
2;161;127;1
11;160;5471;3
6;160;5231;2
10;160;5480;3
3;162;438;1
4;162;320;2
8;162;520;3
7;162;374;2
2;162;1181;1
9;162;1629;3
5;162;622;2
10;162;2882;3
6;162;2097;2
11;162;2394;3
10;163;928;3
6;163;784;2
4;163;318;2
11;163;456;3
3;163;168;1
2;163;110;1
7;163;413;2
8;163;2589;3
9;163;3142;3
3;164;231;1
11;164;1828;3
7;164;1613;2
6;164;1136;2
10;164;1602;3
11;165;1210;3
6;165;438;2
10;165;911;3
3;165;167;1
8;164;5727;3
2;164;5723;1
9;164;6599;3
8;165;3561;3
5;165;2241;2
9;165;4036;3
4;166;1508;2
5;166;301;2
8;166;824;3
2;166;327;1
9;166;543;3
4;167;307;2
2;167;770;1
7;166;5143;2
10;166;5731;3
7;167;488;2
6;168;311;2
3;168;355;1
5;167;1878;2
9;167;4575;3
8;167;4873;3
4;168;1917;2
9;168;1161;3
8;168;724;3
5;168;753;2
8;169;1547;3
9;169;1887;3
4;169;597;2
2;169;383;1
10;167;9855;3
10;168;10266;3
10;169;4616;3
3;170;1737;1
10;170;1108;3
3;171;113;1
5;169;9645;2
7;171;2302;2
11;171;3139;3
10;171;3188;3
4;170;6180;2
9;170;7397;3
4;171;4764;2
5;171;4344;2
5;172;1167;2
9;172;2380;3
8;172;2949;3
2;172;1003;1
7;172;4252;2
10;172;6138;3
11;173;3134;3
10;173;2186;3
7;173;976;2
9;173;5307;3
8;173;4621;3
10;174;1903;3
11;174;1743;3
3;174;1190;1
2;173;5945;1
4;174;1391;2
8;174;1754;3
8;175;3083;3
7;174;3427;2
9;175;1937;3
2;175;1806;1
5;175;1902;2
2;176;545;1
5;176;1443;2
7;175;5639;2
6;174;7545;2
3;175;3465;1
10;176;1494;3
3;176;108;1
4;176;5158;2
8;176;4995;3
9;176;4817;3
8;177;1537;3
2;177;506;1
9;177;705;3
11;176;6307;3
6;177;4629;2
10;177;4915;3
6;178;1877;2
10;178;1841;3
11;178;1716;3
3;178;524;1
8;178;3939;3
11;179;2310;3
9;178;5499;3
4;178;5052;2
4;179;3044;2
2;179;367;1
5;179;1317;2
8;179;1820;3
8;180;1179;3
4;180;907;2
9;180;872;3
2;180;441;1
5;180;563;2
2;181;188;1
4;181;668;2
9;181;491;3
5;181;777;2
8;181;720;3
7;179;9724;2
10;179;10287;3
7;180;4741;2
10;182;1017;3
4;182;289;2
2;182;137;1
7;182;341;2
5;182;1278;2
9;182;1672;3
8;182;1736;3
8;183;912;3
4;183;810;2
2;183;383;1
11;182;6488;3
6;182;7440;2
10;183;6156;3
6;184;1550;2
10;184;708;3
3;185;263;1
2;184;4093;1
9;183;7104;3
9;184;4139;3
4;185;1742;2
2;185;259;1
8;184;2369;3
8;185;1906;3
11;185;2337;3
6;185;504;2
5;184;3738;2
5;185;2516;2
3;186;176;1
9;185;484;3
10;185;4866;3
6;186;2796;2
10;186;1657;3
7;185;3744;2
11;186;1234;3
3;187;48;1
9;186;4140;3
2;186;3906;1
7;187;1399;2
6;187;1224;2
11;187;1708;3
4;186;6696;2
8;187;2551;3
5;187;2182;2
4;187;579;2
10;187;626;3
9;187;1999;3
5;188;1716;2
9;188;1085;3
2;188;678;1
4;188;943;2
6;188;3699;2
8;188;3110;3
5;189;2543;2
8;189;1133;3
2;189;949;1
4;189;755;2
9;189;693;3
11;188;7320;3
3;188;5909;1
10;188;5907;3
10;190;974;3
2;190;1137;1
4;190;690;2
3;190;2018;1
11;190;1216;3
6;190;1195;2
5;190;2579;2
8;190;4069;3
2;191;1125;1
6;191;3361;2
9;190;6512;3
4;191;3618;2
8;191;3201;3
8;192;1723;3
9;192;2833;3
4;192;1460;2
5;192;331;2
2;192;217;1
8;193;849;3
2;193;32;1
5;193;344;2
7;191;9392;2
10;191;7659;3
4;193;1543;2
9;193;1755;3
2;194;114;1
11;191;9896;3
3;193;2016;1
7;193;3049;2
7;194;3163;2
10;194;3209;3
11;194;2591;3
11;195;766;3
6;195;416;2
3;195;486;1
5;194;4809;2
8;194;4094;3
7;195;2310;2
6;196;2378;2
10;195;2679;3
10;196;1203;3
11;196;788;3
3;196;517;1
7;196;339;2
7;197;251;2
6;197;243;2
3;197;590;1
10;197;813;3
11;197;757;3
4;195;7298;2
9;195;7612;3
9;197;1281;3
2;197;717;1
3;198;515;1
5;197;787;2
2;198;173;1
5;198;306;2
10;198;518;3
8;198;519;3
4;198;400;2
11;198;1523;3
9;198;2076;3
4;199;818;2
8;199;1134;3
2;199;380;1
6;198;4602;2
11;199;3258;3
7;198;5383;2
9;199;2410;3
5;199;489;2
3;200;71;1
4;200;361;2
7;199;1714;2
9;200;1514;3
7;200;2681;2
10;199;4520;3
6;200;4485;2
10;200;2585;3
11;201;1421;3
3;201;627;1
8;200;4875;3
5;200;2888;2
2;200;2680;1
4;201;1601;2
2;201;1275;1
9;201;1086;3
8;201;1451;3
2;202;884;1
6;201;3582;2
3;202;1447;1
7;201;2518;2
4;202;1471;2
5;202;1573;2
10;202;4042;3
8;202;3467;3
9;202;4128;3
4;203;1034;2
2;203;1193;1
5;203;439;2
2;204;520;1
5;204;997;2
9;203;2043;3
4;204;412;2
8;203;2721;3
8;204;3013;3
9;204;597;3
11;202;10147;3
6;203;7430;2
6;204;1787;2
7;205;759;2
6;205;282;2
3;205;1458;1
10;205;3614;3
11;205;3934;3
3;206;359;1
4;205;3616;2
6;206;1311;2
5;205;4350;2
8;205;4566;3
11;206;3015;3
10;206;3673;3
11;207;1430;3
7;206;2968;2
10;207;1196;3
3;207;816;1
5;206;5606;2
9;206;5483;3
4;206;4821;2
5;207;645;2
2;208;185;1
3;208;246;1
6;207;4898;2
10;208;2332;3
6;208;1796;2
7;207;6227;2
7;208;986;2
10;209;651;3
6;209;404;2
8;208;5145;3
5;208;7618;2
4;208;6148;2
9;209;3476;3
4;210;953;2
2;210;130;1
3;209;4675;1
11;209;5291;3
7;209;5460;2
11;210;2529;3
11;211;2315;3
10;211;489;3
5;210;4057;2
9;210;5003;3
8;210;6754;3
8;211;1822;3
8;212;1788;3
9;211;2623;3
2;212;1055;1
9;212;2856;3
4;212;2234;2
5;212;2513;2
11;212;6259;3
10;212;4536;3
6;213;2821;2
5;213;4125;2
2;213;2551;1
9;213;4999;3
10;213;3765;3
9;214;586;3
10;214;913;3
11;214;2969;3
6;214;2525;2
3;214;2399;1
7;215;971;2
3;215;758;1
6;215;966;2
10;215;704;3
11;216;550;3
7;216;896;2
6;216;620;2
3;216;212;1
10;216;455;3
11;217;801;3
10;217;489;3
8;214;12142;3
2;214;13719;1
8;216;9029;3
5;217;2683;2
9;218;813;3
2;218;624;1
4;218;1077;2
3;217;5175;1
6;217;6486;2
6;218;5809;2
6;219;2062;2
11;219;1165;3
7;219;875;2
3;219;183;1
5;218;4330;2
8;218;4381;3
2;219;3721;1
5;219;963;2
2;220;310;1
8;220;801;3
6;220;359;2
9;220;521;3
3;220;115;1
11;220;553;3
10;220;494;3
7;220;410;2
5;220;1721;2
6;221;272;2
4;220;2490;2
8;221;2102;3
9;221;1892;3
4;221;2002;2
7;221;2845;2
11;221;3058;3
3;221;2749;1
11;222;452;3
9;222;551;3
6;222;489;2
3;222;245;1
8;222;697;3
7;222;1319;2
4;222;1748;2
2;222;1372;1
10;222;649;3
11;223;563;3
5;222;446;2
10;223;700;3
4;223;340;2
6;223;630;2
5;223;801;2
9;223;857;3
3;223;1600;1
3;224;440;1
7;223;948;2
10;224;571;3
6;224;372;2
8;223;4350;3
2;223;3035;1
8;224;2518;3
2;224;716;1
9;224;2279;3
5;224;1320;2
8;225;1482;3
2;225;628;1
4;225;754;2
9;225;793;3
11;224;4574;3
7;224;3895;2
11;225;4122;3
10;225;3749;3
2;226;2572;1
5;226;2423;2
9;226;1406;3
4;226;1205;2
8;226;1381;3
4;227;349;2
8;227;952;3
2;227;247;1
5;227;559;2
4;228;339;2
9;227;527;3
5;228;632;2
9;228;1748;3
8;228;2734;3
2;228;175;1
4;229;486;2
9;229;976;3
8;229;695;3
7;225;16844;2
6;226;11173;2
2;229;1066;1
5;229;626;2
10;227;9843;3
3;229;2794;1
2;230;1548;1
5;230;1844;2
8;230;1092;3
7;229;5241;2
4;230;1574;2
9;230;1670;3
5;231;1053;2
2;231;413;1
9;231;482;3
4;231;271;2
8;231;712;3
7;230;7166;2
6;230;6643;2
11;230;5159;3
7;231;964;2
11;231;4373;3
10;231;4951;3
3;232;2272;1
11;232;2946;3
6;232;1781;2
7;233;477;2
6;233;271;2
4;232;5777;2
9;232;5059;3
4;233;1772;2
11;233;1952;3
10;233;1284;3
3;234;1092;1
6;234;517;2
11;234;1210;3
7;234;249;2
10;234;753;3
11;235;740;3
6;235;919;2
7;235;734;2
3;235;391;1
8;233;9108;3
9;233;8399;3
10;235;2699;3
11;236;1940;3
3;236;748;1
6;236;343;2
10;236;468;3
7;236;740;2
4;235;6401;2
9;235;5816;3
5;235;5513;2
5;237;2127;2
4;237;1863;2
8;237;2062;3
7;237;3502;2
10;237;5050;3
6;237;4916;2
3;238;1632;1
3;239;230;1
7;238;2233;2
11;238;2565;3
6;239;2954;2
10;238;3311;3
11;239;997;3
7;239;482;2
9;238;7167;3
4;238;7939;2
4;239;5412;2
2;240;1402;1
10;240;3724;3
3;240;3158;1
11;240;3801;3
6;241;3339;2
11;241;2723;3
3;241;178;1
5;240;6185;2
4;240;6589;2
4;241;5684;2
5;241;2412;2
4;242;2012;2
10;241;3146;3
11;242;3207;3
7;241;2965;2
7;242;572;2
2;242;259;1
5;242;735;2
8;242;566;3
8;243;2115;3
4;243;2091;2
5;243;579;2
7;243;2867;2
9;243;1852;3
4;244;1961;2
2;243;1752;1
6;243;5286;2
8;244;1747;3
9;244;1816;3
2;244;1280;1
5;244;1234;2
2;245;66;1
3;243;9077;1
3;244;5575;1
7;244;4616;2
6;245;2568;2
7;245;2587;2
11;245;2707;3
4;245;5493;2
2;246;1753;1
6;246;338;2
7;246;2320;2
3;246;2494;1
11;246;3073;3
6;247;327;2
10;247;839;3
11;247;665;3
7;247;327;2
5;245;9134;2
5;246;5852;2
9;245;10745;3
7;248;390;2
3;248;406;1
10;248;694;3
5;248;267;2
2;248;305;1
9;248;2709;3
4;248;2398;2
8;248;2799;3
4;249;505;2
8;249;589;3
9;249;651;3
5;249;650;2
2;249;272;1
2;250;400;1
8;250;685;3
11;248;7169;3
6;249;9746;2
11;250;5192;3
7;250;3971;2
3;251;619;1
7;251;512;2
4;250;5163;2
2;251;2768;1
5;250;3853;2
10;251;1699;3
11;252;1742;3
6;252;2140;2
7;252;362;2
10;252;512;3
3;252;94;1
9;251;4072;3
8;252;2697;3
4;252;2531;2
11;253;521;3
3;253;423;1
10;253;729;3
9;253;572;3
2;253;39;1
6;253;459;2
4;253;305;2
7;253;438;2
5;253;425;2
8;253;606;3
11;254;538;3
4;254;1502;2
5;254;870;2
2;254;968;1
8;254;1721;3
9;254;1044;3
6;254;4476;2
10;254;4060;3
8;255;4358;3
4;255;3864;2
2;255;2953;1
2;128;276;1
3;254;7678;1
10;255;3690;3
11;128;4327;3
7;128;1691;2
3;129;93;1
5;128;3310;2
8;128;3494;3
9;128;3907;3
5;129;2258;2
4;129;2201;2
9;129;1085;3
7;129;3674;2
6;129;3933;2
11;129;5373;3
7;130;2551;2
11;130;2796;3
10;130;986;3
10;131;1338;3
3;131;1106;1
11;131;504;3
8;130;6501;3
6;131;2910;2
7;131;3179;2
11;132;1735;3
3;132;964;1
7;132;263;2
6;132;458;2
4;130;9846;2
8;131;7846;3
2;132;4909;1
9;132;2082;3
5;133;1177;2
4;133;933;2
9;133;1259;3
2;133;829;1
8;133;1461;3
2;134;50;1
10;132;5803;3
11;133;4783;3
7;133;3681;2
5;134;1461;2
8;134;1823;3
9;134;2107;3
4;134;710;2
3;134;2697;1
10;134;3226;3
11;134;1523;3
7;134;280;2
11;135;681;3
6;135;368;2
8;135;688;3
10;135;1565;3
7;135;752;2
3;135;359;1
3;136;108;1
2;135;3758;1
5;135;3140;2
10;136;1681;3
11;136;1099;3
6;136;492;2
4;135;5662;2
7;136;2298;2
3;137;1850;1
10;137;622;3
6;137;602;2
3;138;285;1
8;136;6942;3
4;136;5571;2
7;137;3041;2
11;137;4046;3
6;138;3790;2
11;138;1463;3
9;136;8795;3
8;138;2708;3
7;138;4979;2
7;139;3398;2
3;139;3560;1
7;140;944;2
6;140;318;2
3;140;204;1
10;140;707;3
11;140;862;3
3;141;159;1
2;139;8010;1
9;139;8580;3
2;140;3060;1
9;141;1162;3
8;141;673;3
11;141;701;3
2;141;258;1
5;141;2086;2
4;141;1904;2
8;142;1268;3
6;141;2694;2
5;142;1386;2
4;142;1397;2
9;142;1132;3
10;141;4921;3
7;141;4181;2
10;142;3096;3
2;143;3830;1
4;143;2734;2
9;143;3024;3
2;144;125;1
5;143;2295;2
5;144;1331;2
6;143;6984;2
3;143;4740;1
10;143;4902;3
7;144;950;2
3;144;724;1
8;143;9330;3
4;144;8896;2
9;144;8730;3
9;146;996;3
2;146;1100;1
8;146;1336;3
5;146;1193;2
6;145;8438;2
3;145;8078;1
6;146;2113;2
2;147;22;1
5;147;472;2
7;147;4734;2
10;147;4842;3
3;147;4128;1
11;148;1323;3
6;148;849;2
4;147;5554;2
8;147;6448;3
4;148;3456;2
2;149;1479;1
4;149;1495;2
7;148;2990;2
3;149;2389;1
6;149;2363;2
11;149;590;3
10;149;679;3
5;149;1294;2
7;149;1447;2
11;150;2047;3
7;150;1920;2
6;150;1091;2
3;150;941;1
11;151;738;3
6;151;436;2
7;151;335;2
8;149;7083;3
9;149;7510;3
4;150;7308;2
4;151;4141;2
10;151;2740;3
3;151;1417;1
4;152;427;2
10;152;1482;3
7;152;1612;2
6;152;494;2
11;152;549;3
3;152;182;1
5;152;3145;2
8;152;2916;3
9;152;1706;3
2;152;682;1
11;153;488;3
4;153;261;2
2;153;47;1
9;153;540;3
6;153;2625;2
8;153;2302;3
5;153;2054;2
4;154;546;2
5;154;589;2
9;154;1150;3
2;154;361;1
7;153;6605;2
3;153;4223;1
11;154;4286;3
10;154;711;3
7;154;1296;2
8;154;1942;3
2;155;1386;1
10;155;1594;3
6;155;2029;2
7;155;1510;2
3;155;1197;1
9;155;5323;3
7;156;1387;2
6;156;1462;2
3;156;1425;1
11;156;2195;3
10;156;1497;3
7;157;927;2
6;157;744;2
11;157;470;3
3;157;84;1
5;155;8143;2
10;157;2202;3
11;158;1863;3
7;158;1550;2
6;158;1019;2
10;158;673;3
4;156;8350;2
8;157;6550;3
3;158;1974;1
6;159;3277;2
3;159;2548;1
11;159;1765;3
11;160;551;3
7;159;471;2
3;160;276;1
8;158;6834;3
5;158;6871;2
6;160;2193;2
7;160;1359;2
10;160;1937;3
2;159;6328;1
4;160;3210;2
9;160;3904;3
2;161;1519;1
9;161;952;3
5;161;546;2
11;161;2936;3
3;161;2368;1
8;161;2627;3
8;162;2515;3
2;162;2246;1
6;161;5117;2
6;162;3717;2
7;161;5759;2
7;162;397;2
5;162;1393;2
8;163;1370;3
5;163;1172;2
4;163;663;2
2;163;54;1
6;163;3865;2
4;164;1747;2
9;163;2237;3
10;162;9282;3
10;163;5803;3
7;163;7341;2
6;164;2113;2
10;164;1469;3
11;165;1131;3
7;165;812;2
3;165;616;1
6;165;932;2
10;165;985;3
8;164;7106;3
9;164;5894;3
3;166;3611;1
7;166;3347;2
6;166;2321;2
7;167;895;2
11;167;991;3
4;165;7741;2
4;166;6543;2
9;166;6474;3
4;167;764;2
10;167;4045;3
6;168;3172;2
10;168;2600;3
3;168;925;1
11;168;1026;3
2;167;5473;1
4;168;3885;2
8;168;4814;3
4;169;2336;2
5;169;777;2
7;168;2888;2
11;169;3126;3
10;169;2504;3
6;169;938;2
7;169;550;2
4;170;1886;2
2;170;1870;1
8;169;5495;3
9;169;5754;3
9;170;1572;3
5;171;370;2
3;170;3801;1
6;170;3821;2
11;170;3790;3
7;171;1999;2
10;171;1294;3
3;171;142;1
11;172;911;3
8;171;4555;3
3;172;1057;1
7;172;549;2
6;172;291;2
2;171;5257;1
4;171;4578;2
11;173;1581;3
10;172;1832;3
3;173;1873;1
7;173;398;2
6;173;468;2
4;172;5742;2
8;172;4349;3
4;173;4386;2
10;174;452;3
11;174;632;3
6;174;294;2
3;174;2264;1
9;174;2900;3
8;174;3010;3
4;174;3929;2
2;175;686;1
4;175;1247;2
8;175;2474;3
9;175;2624;3
5;175;975;2
4;176;700;2
2;176;608;1
6;175;5619;2
11;175;5218;3
3;175;4051;1
8;176;1840;3
10;176;474;3
9;176;2000;3
6;176;366;2
11;177;474;3
2;177;2031;1
5;176;6168;2
8;177;2827;3
4;177;552;2
5;177;267;2
7;177;3698;2
6;177;3541;2
3;177;4746;1
7;178;1732;2
11;178;1881;3
10;178;1431;3
6;178;646;2
4;178;3750;2
5;178;3505;2
8;178;2862;3
10;179;2287;3
3;179;2296;1
4;179;3053;2
8;179;3082;3
9;179;1982;3
2;179;1709;1
5;179;1902;2
4;180;1041;2
8;180;912;3
5;180;472;2
2;180;116;1
9;180;511;3
7;179;5593;2
6;179;5757;2
11;179;6000;3
10;181;2261;3
6;181;2307;2
7;181;680;2
11;181;886;3
7;182;487;2
3;182;681;1
10;182;616;3
11;182;589;3
6;182;311;2
2;181;3626;1
5;181;4546;2
9;181;4955;3
2;182;735;1
4;183;548;2
5;183;1560;2
9;183;645;3
8;183;886;3
2;183;134;1
6;183;3584;2
10;183;3537;3
11;183;5271;3
6;184;1741;2
3;184;1646;1
7;184;1004;2
11;184;828;3
10;184;761;3
6;185;257;2
11;185;630;3
3;185;363;1
8;184;6181;3
7;185;1375;2
10;185;1762;3
7;186;274;2
5;184;9338;2
2;184;9751;1
2;185;6381;1
2;186;2405;1
5;186;2607;2
4;186;2925;2
9;186;3184;3
9;187;1276;3
6;186;4657;2
3;186;3741;1
5;187;3234;2
2;187;2380;1
8;187;4144;3
9;188;880;3
11;186;7973;3
6;188;3476;2
11;188;2797;3
10;188;2743;3
7;188;2827;2
10;189;959;3
3;189;479;1
5;188;4054;2
2;188;3885;1
11;189;3063;3
3;190;1975;1
6;189;3924;2
10;190;806;3
6;190;822;2
7;190;834;2
11;191;459;3
6;191;636;2
3;191;155;1
2;190;5699;1
4;190;6809;2
4;191;3804;2
5;191;2133;2
2;192;1121;1
8;191;2773;3
9;191;2651;3
4;192;911;2
5;192;775;2
9;192;831;3
8;192;847;3
4;193;724;2
2;193;31;1
11;192;7098;3
7;191;7021;2
10;191;7225;3
8;193;696;3
6;194;475;2
5;193;1463;2
2;194;2469;1
4;194;4311;2
9;193;4554;3
9;194;1465;3
10;194;3786;3
3;194;4463;1
11;194;4790;3
7;195;2368;2
9;195;2906;3
6;195;2215;2
11;196;1911;3
6;196;1760;2
10;196;1347;3
4;195;5660;2
5;195;5461;2
7;196;1390;2
3;196;1708;1
11;197;901;3
3;197;646;1
6;197;695;2
6;198;490;2
7;197;242;2
7;198;552;2
10;197;2147;3
2;195;10236;1
10;198;1848;3
3;198;1072;1
11;198;1224;3
8;196;9427;3
9;197;7241;3
9;198;4817;3
5;199;2573;2
8;199;2123;3
9;199;1000;3
11;199;4501;3
2;200;1738;1
4;200;1846;2
8;200;1982;3
9;200;2744;3
5;200;589;2
3;199;8638;1
9;201;3419;3
4;201;2094;2
5;201;4085;2
2;201;854;1
8;201;1416;3
9;202;738;3
4;202;771;2
2;202;591;1
8;202;477;3
10;199;14876;3
6;199;13748;2
11;201;6709;3
5;202;276;2
7;202;401;2
3;203;1629;1
7;203;2129;2
6;203;1167;2
11;203;590;3
10;203;841;3
6;204;410;2
8;203;5401;3
9;203;5191;3
2;203;4372;1
4;204;575;2
3;204;93;1
2;204;255;1
7;204;355;2
5;204;341;2
11;204;662;3
10;204;688;3
9;204;1601;3
8;204;1821;3
10;205;490;3
9;205;531;3
8;205;1526;3
4;205;1922;2
2;205;1521;1
5;205;1398;2
3;205;3545;1
4;206;2063;2
8;206;2682;3
2;206;833;1
6;205;6938;2
5;206;2544;2
9;206;3270;3
4;207;2905;2
2;207;618;1
11;205;8977;3
10;206;5982;3
5;207;1344;2
8;207;2055;3
9;207;2244;3
2;208;306;1
9;208;908;3
4;208;820;2
11;207;5934;3
7;207;5777;2
6;207;6129;2
7;208;1843;2
10;208;2638;3
3;209;385;1
11;208;2878;3
6;208;2113;2
11;209;2065;3
10;209;2227;3
7;209;1807;2
6;209;744;2
5;208;4029;2
8;208;4491;3
2;209;2151;1
8;209;3657;3
11;210;3818;3
3;210;2178;1
7;210;2399;2
11;211;1121;3
3;211;1011;1
7;211;1076;2
6;211;250;2
4;209;7096;2
10;211;1557;3
2;210;6202;1
9;210;7623;3
2;211;2028;1
8;212;2561;3
9;212;1750;3
4;212;270;2
4;213;746;2
2;213;273;1
9;213;891;3
11;212;6115;3
7;212;5911;2
6;212;5090;2
11;213;2924;3
6;213;2939;2
7;213;1982;2
6;214;535;2
5;213;4090;2
7;214;1571;2
3;214;1743;1
10;213;5081;3
10;214;2994;3
6;215;1346;2
7;215;1038;2
3;215;741;1
11;214;6832;3
11;215;928;3
10;215;869;3
6;216;732;2
11;216;811;3
2;214;8759;1
5;214;6774;2
5;215;2889;2
9;216;645;3
3;216;44;1
10;216;1623;3
7;216;1567;2
11;217;1927;3
6;217;1249;2
7;217;1379;2
10;217;1701;3
3;217;946;1
4;216;5520;2
9;217;4427;3
5;217;4045;2
9;218;1103;3
8;218;821;3
6;218;268;2
7;218;245;2
11;218;527;3
10;218;577;3
5;218;1911;2
2;218;2162;1
8;219;2075;3
3;218;3309;1
11;219;3394;3
7;219;3655;2
6;219;1584;2
11;220;1342;3
10;220;1062;3
6;220;277;2
5;219;5305;2
4;219;6905;2
9;219;5491;3
8;220;2412;3
5;221;732;2
2;221;87;1
9;221;591;3
8;221;730;3
7;220;4861;2
3;220;5072;1
10;221;4332;3
7;221;4446;2
7;222;490;2
6;222;346;2
3;222;280;1
11;222;1556;3
10;222;1856;3
3;223;197;1
4;221;6235;2
11;223;4141;3
6;223;4000;2
3;224;2133;1
10;224;1565;3
6;224;340;2
4;222;9634;2
5;223;5560;2
9;224;2133;3
10;225;609;3
6;225;298;2
3;225;122;1
11;225;466;3
5;225;1334;2
4;225;1622;2
2;225;1953;1
9;225;4604;3
8;225;5080;3
2;226;935;1
4;226;480;2
9;226;628;3
5;226;903;2
8;227;655;3
9;227;701;3
4;227;672;2
5;227;340;2
2;227;583;1
10;226;7220;3
11;226;6557;3
11;227;2468;3
10;228;667;3
5;228;321;2
6;228;370;2
4;228;379;2
3;228;1286;1
7;228;1738;2
11;228;678;3
3;229;359;1
11;229;733;3
10;229;532;3
2;228;3559;1
8;228;4191;3
9;228;4479;3
6;229;243;2
7;229;458;2
8;229;2215;3
4;229;1817;2
9;229;2048;3
8;230;1259;3
2;230;1104;1
5;229;5585;2
5;230;355;2
3;230;3350;1
10;230;3446;3
9;230;2929;3
2;231;1998;1
8;231;3456;3
9;231;1502;3
5;232;558;2
2;232;480;1
8;232;784;3
9;232;771;3
4;232;593;2
11;231;7595;3
10;231;7521;3
3;232;3252;1
3;233;70;1
4;233;265;2
8;233;652;3
2;233;242;1
5;233;595;2
9;233;531;3
7;232;5695;2
8;234;2970;3
5;234;2639;2
2;234;1651;1
4;235;750;2
7;233;5867;2
8;235;2150;3
2;235;1935;1
9;235;1767;3
5;235;851;2
9;236;945;3
4;236;962;2
8;236;1224;3
10;232;15718;3
10;233;13755;3
7;235;2795;2
5;236;1326;2
2;236;1275;1
4;237;1183;2
10;236;5930;3
6;236;4551;2
11;236;4697;3
10;237;1879;3
11;237;1783;3
2;237;2337;1
5;237;2087;2
6;238;2908;2
7;237;3323;2
3;238;1743;1
7;238;1049;2
8;237;5476;3
2;238;3784;1
5;238;2299;2
5;239;4153;2
4;239;4547;2
2;239;2948;1
5;240;1089;2
8;240;1379;3
2;240;813;1
11;238;8279;3
10;238;8549;3
3;239;6557;1
10;240;2156;3
3;240;2135;1
10;241;706;3
7;241;582;2
6;241;707;2
11;241;701;3
11;242;898;3
7;242;565;2
6;242;299;2
9;240;6310;3
8;241;6225;3
5;241;2723;2
3;242;188;1
5;242;345;2
10;242;592;3
9;241;5962;3
2;242;2114;1
8;242;4457;3
9;243;1249;3
8;243;1004;3
2;243;882;1
3;243;4872;1
11;243;5262;3
6;243;5130;2
6;244;300;2
4;244;1933;2
2;244;2168;1
9;244;2273;3
4;245;1325;2
5;244;1016;2
2;245;668;1
8;245;995;3
11;244;6152;3
10;244;6452;3
7;244;6283;2
3;245;1651;1
11;246;1750;3
7;246;386;2
6;246;965;2
3;246;965;1
10;246;1142;3
6;247;289;2
5;245;5828;2
9;245;5102;3
4;246;2767;2
5;246;992;2
9;246;2774;3
3;247;188;1
4;247;2302;2
8;246;4723;3
2;247;776;1
5;247;2893;2
8;247;3515;3
9;247;1650;3
9;248;577;3
11;247;5020;3
7;247;3629;2
10;247;4291;3
6;248;1917;2
3;248;1851;1
11;249;960;3
3;249;1219;1
6;249;821;2
7;249;856;2
5;248;5301;2
2;248;4952;1
4;248;5124;2
10;249;1720;3
8;249;2022;3
3;250;1419;1
6;250;1159;2
11;250;1490;3
7;250;1177;2
10;250;796;3
10;251;832;3
11;251;791;3
6;251;435;2
4;250;6045;2
8;250;4931;3
9;250;4191;3
7;251;2123;2
3;251;1700;1
11;252;1535;3
3;252;75;1
6;252;643;2
7;252;567;2
2;251;4889;1
5;251;4685;2
4;251;3879;2
8;252;1108;3
2;252;1697;1
2;253;1353;1
8;253;1438;3
4;253;1444;2
5;253;342;2
10;252;4227;3
7;253;2837;2
3;253;1783;1
10;253;1125;3
6;253;1136;2
7;254;265;2
5;254;291;2
3;254;198;1
4;254;502;2
6;254;471;2
10;254;703;3
11;254;674;3
8;254;1584;3
9;254;1789;3
2;254;328;1
5;255;270;2
9;255;623;3
6;255;447;2
7;255;276;2
4;255;451;2
11;255;1548;3
3;255;1873;1
2;255;2230;1
8;255;2273;3
5;128;1706;2
2;128;366;1
4;128;792;2
8;128;782;3
9;128;522;3
10;255;4184;3
2;129;2654;1
9;129;3411;3
8;129;3287;3
3;128;7368;1
10;128;8623;3
11;129;5217;3
7;129;2260;2
7;130;1013;2
3;130;654;1
11;130;1675;3
11;131;693;3
10;131;546;3
7;131;651;2
6;131;396;2
3;131;335;1
2;130;7828;1
8;130;7866;3
5;130;4817;2
4;132;1282;2
5;132;1752;2
2;132;1647;1
9;132;832;3
8;132;810;3
3;132;3770;1
11;132;3387;3
7;132;3176;2
6;133;1897;2
3;133;1892;1
7;133;2140;2
2;133;2562;1
5;133;3029;2
8;133;3495;3
3;134;25;1
11;134;682;3
7;134;445;2
10;134;618;3
9;134;649;3
2;134;187;1
8;134;1812;3
2;135;1256;1
4;135;2185;2
9;135;1123;3
8;135;1255;3
6;134;4036;2
3;135;1863;1
7;135;2842;2
6;135;1935;2
5;134;4796;2
3;136;99;1
6;136;300;2
11;136;672;3
4;136;2889;2
8;136;2516;3
10;136;630;3
7;136;2059;2
6;137;2043;2
3;137;2519;1
11;137;723;3
7;137;246;2
3;138;435;1
9;136;8265;3
2;136;5850;1
4;137;5671;2
4;138;1481;2
6;138;2028;2
10;138;2447;3
11;138;1852;3
6;139;666;2
10;139;499;3
2;138;4570;1
8;138;4960;3
5;137;11986;2
5;139;2648;2
8;139;2974;3
4;140;1047;2
2;140;95;1
7;139;4800;2
11;139;5910;3
3;139;5777;1
7;141;517;2
5;140;3008;2
9;140;4556;3
5;141;3089;2
9;141;2895;3
2;141;1067;1
11;141;3573;3
8;142;2308;3
2;142;1046;1
9;142;1531;3
6;141;6437;2
3;141;5396;1
10;142;4844;3
10;143;2020;3
7;143;1271;2
11;143;1608;3
6;143;727;2
4;142;4766;2
4;143;4067;2
2;143;2937;1
4;144;325;2
3;144;90;1
7;144;357;2
9;144;597;3
11;144;475;3
10;144;765;3
6;144;1547;2
6;145;935;2
3;145;673;1
2;144;3652;1
8;144;4291;3
5;144;4803;2
4;145;3861;2
9;145;2384;3
5;145;4480;2
8;146;1472;3
5;146;744;2
2;146;970;1
4;146;1181;2
9;146;1253;3
11;145;5831;3
4;147;1474;2
2;147;995;1
8;147;2619;3
9;147;3133;3
5;147;2367;2
4;148;1914;2
8;148;1990;3
9;148;1249;3
2;148;318;1
10;145;12619;3
7;145;11995;2
3;147;5011;1
10;148;525;3
3;149;1059;1
11;149;1258;3
5;148;2201;2
2;149;1518;1
10;149;1630;3
6;149;1738;2
7;149;585;2
6;150;577;2
7;150;392;2
3;150;44;1
11;150;525;3
5;149;6872;2
8;149;4660;3
9;149;4794;3
4;150;2065;2
4;151;2060;2
2;151;1296;1
9;151;789;3
3;151;2698;1
10;150;3064;3
6;151;1309;2
11;151;3058;3
10;151;2239;3
6;152;2047;2
7;152;626;2
10;152;455;3
8;151;3875;3
3;152;1158;1
4;152;4306;2
5;152;4036;2
8;152;1572;3
8;153;495;3
4;153;572;2
11;153;525;3
6;153;469;2
10;153;3388;3
3;153;3188;1
7;153;2955;2
11;154;1486;3
10;154;1207;3
7;154;638;2
9;153;5276;3
5;153;4855;2
2;154;2232;1
2;155;1250;1
5;155;616;2
4;155;529;2
11;155;2862;3
10;155;2381;3
6;155;2245;2
7;155;287;2
3;155;462;1
8;155;1525;3
8;156;2082;3
4;156;1279;2
9;155;3990;3
9;156;1653;3
2;156;610;1
2;157;235;1
8;157;601;3
7;156;4188;2
5;157;2373;2
4;157;2197;2
9;157;1058;3
5;158;322;2
9;158;667;3
3;156;8171;1
11;156;9760;3
4;158;1427;2
2;158;606;1
8;158;1136;3
10;157;7689;3
2;159;1127;1
4;159;695;2
8;159;715;3
5;159;597;2
9;159;530;3
6;158;6229;2
3;158;6329;1
7;159;4354;2
7;160;2842;2
3;160;1558;1
6;160;4169;2
10;160;1161;3
2;160;3262;1
4;160;3315;2
5;160;3374;2
11;161;655;3
5;161;1607;2
4;161;1977;2
9;161;1830;3
8;161;1002;3
8;162;539;3
2;162;410;1
9;162;853;3
5;162;947;2
4;162;275;2
3;161;5567;1
10;161;5066;3
3;162;4187;1
3;163;252;1
4;163;372;2
7;162;2942;2
6;162;3749;2
11;162;4125;3
11;163;1686;3
3;164;573;1
7;163;2262;2
10;163;2648;3
11;164;1639;3
10;164;546;3
6;164;620;2
9;163;5694;3
5;163;5850;2
5;164;1918;2
7;164;1409;2
11;165;1113;3
7;165;698;2
6;165;691;2
9;164;2949;3
2;165;1545;1
4;165;1990;2
10;165;2096;3
3;165;2208;1
7;166;808;2
11;166;619;3
6;166;269;2
5;165;5233;2
9;165;5430;3
3;166;1169;1
10;166;1102;3
11;167;1581;3
6;167;1379;2
7;167;327;2
10;167;660;3
8;165;8478;3
3;167;1392;1
3;168;1025;1
7;168;847;2
6;168;534;2
10;168;884;3
4;166;7727;2
2;166;7300;1
2;167;3797;1
4;168;2636;2
5;168;2398;2
2;169;1746;1
8;169;1297;3
11;168;4051;3
6;169;4012;2
3;169;3550;1
10;170;834;3
3;170;658;1
11;170;928;3
4;169;3648;2
9;169;3101;3
5;169;3039;2
5;170;379;2
4;171;304;2
9;171;727;3
7;170;4448;2
7;171;3075;2
3;171;1154;1
11;171;4386;3
10;171;1660;3
6;172;1682;2
8;171;4106;3
2;171;3078;1
5;171;4802;2
9;172;1850;3
2;172;1333;1
2;173;58;1
3;172;2892;1
11;172;4420;3
10;172;4609;3
3;173;2173;1
11;173;1390;3
7;173;454;2
4;173;3501;2
3;174;1136;1
11;174;1476;3
8;173;5596;3
5;173;4258;2
5;174;2616;2
9;174;1211;3
8;174;610;3
7;174;2088;2
6;174;2639;2
10;174;2787;3
7;175;437;2
2;175;184;1
3;175;1164;1
6;175;1510;2
9;175;2961;3
4;175;2417;2
5;175;2368;2
5;176;2284;2
8;175;3533;3
8;176;1645;3
9;176;537;3
2;176;490;1
11;175;5717;3
6;176;3945;2
10;175;6242;3
4;177;401;2
8;177;609;3
5;177;427;2
11;177;597;3
2;177;1720;1
9;177;1962;3
4;178;278;2
6;177;3918;2
10;177;4206;3
5;178;1459;2
2;178;1640;1
8;178;2923;3
9;178;3214;3
9;179;1383;3
5;179;907;2
8;179;881;3
4;179;1325;2
2;179;1039;1
8;180;515;3
4;180;635;2
2;180;440;1
5;180;642;2
9;180;776;3
11;178;8863;3
6;179;7271;2
7;179;4579;2
5;181;486;2
3;181;202;1
2;181;180;1
8;181;640;3
10;181;3328;3
7;180;4000;2
7;181;1415;2
11;181;1844;3
4;181;3356;2
9;181;4111;3
4;182;3348;2
8;182;3308;3
2;183;877;1
8;183;861;3
10;182;4690;3
4;183;1909;2
9;183;1376;3
5;183;1041;2
4;184;1164;2
2;184;330;1
9;184;1207;3
11;182;9276;3
10;183;6451;3
6;183;5581;2
6;184;1528;2
7;184;1856;2
3;185;1660;1
6;185;1078;2
5;184;3067;2
8;184;3081;3
4;185;2071;2
8;185;2653;3
5;185;4531;2
2;185;1949;1
9;186;1663;3
4;186;732;2
8;186;2724;3
7;185;4511;2
11;185;4421;3
5;186;1602;2
5;187;1144;2
2;187;1156;1
9;187;1065;3
4;187;637;2
6;186;7803;2
7;186;4080;2
8;187;1627;3
6;187;5653;2
7;187;3289;2
11;187;3519;3
10;188;1693;3
5;188;2546;2
9;188;3217;3
2;188;2070;1
5;189;966;2
9;189;673;3
3;188;4264;1
6;188;5113;2
6;189;3539;2
8;189;1891;3
2;189;1844;1
4;189;2493;2
4;190;272;2
7;189;4254;2
10;189;4754;3
11;189;4521;3
8;190;719;3
9;190;937;3
2;190;1647;1
8;191;1014;3
9;191;1015;3
2;191;523;1
5;191;966;2
4;191;983;2
11;190;5025;3
7;190;4674;2
3;191;4535;1
7;191;1966;2
10;191;2467;3
2;192;1506;1
9;192;1154;3
5;192;694;2
4;192;315;2
11;192;4196;3
8;192;2513;3
2;193;399;1
6;192;6373;2
10;192;5607;3
6;193;3696;2
7;193;785;2
5;193;2825;2
10;194;1984;3
6;194;2459;2
3;194;2075;1
7;194;256;2
5;194;3630;2
9;193;7249;3
4;193;5852;2
4;195;945;2
10;195;1378;3
3;195;946;1
7;195;1526;2
6;195;2116;2
11;195;1149;3
8;194;4600;3
2;195;3776;1
9;195;3075;3
4;196;836;2
9;196;1894;3
8;196;1986;3
5;196;1265;2
2;196;307;1
7;196;2896;2
10;196;2046;3
2;197;1149;1
6;196;2600;2
5;197;1359;2
9;197;2850;3
4;197;3022;2
8;197;2752;3
11;197;2650;3
3;197;1598;1
3;198;1470;1
5;198;2472;2
2;198;1827;1
4;198;1692;2
2;199;270;1
8;198;1508;3
4;199;624;2
10;197;6532;3
7;197;7142;2
6;198;4986;2
5;199;1447;2
9;198;3384;3
9;199;3575;3
11;199;898;3
8;199;723;3
4;200;377;2
11;200;526;3
2;200;33;1
10;200;1577;3
3;200;1641;1
6;200;1887;2
7;200;813;2
9;200;2983;3
5;200;1874;2
3;201;1227;1
6;201;542;2
7;201;776;2
10;201;3074;3
3;202;25;1
11;201;4104;3
11;202;2172;3
8;200;6989;3
2;201;5790;1
8;201;5570;3
2;202;558;1
8;202;1112;3
4;202;697;2
6;202;1943;2
10;202;545;3
7;202;2304;2
6;203;2778;2
3;203;2229;1
10;203;2218;3
9;203;3930;3
5;203;3095;2
2;203;3619;1
4;204;1688;2
2;204;1197;1
9;204;1271;3
8;204;1098;3
4;205;281;2
6;204;4689;2
3;204;3790;1
7;203;5284;2
5;205;1794;2
2;205;907;1
8;205;1458;3
9;205;1418;3
7;205;4141;2
9;206;2265;3
8;206;2063;3
2;206;2227;1
4;206;1303;2
5;206;1688;2
11;205;8817;3
10;205;7071;3
3;206;3434;1
8;207;487;3
2;207;1435;1
4;207;1877;2
9;207;1424;3
5;207;2317;2
4;208;960;2
8;208;707;3
6;207;4033;2
5;208;1436;2
9;208;1904;3
2;208;497;1
4;209;340;2
7;207;6146;2
6;208;7300;2
10;208;5483;3
11;209;3061;3
6;209;1173;2
2;209;3303;1
8;209;3254;3
5;209;2064;2
10;209;1672;3
2;210;168;1
9;210;2364;3
6;210;3277;2
3;210;2297;1
10;210;3867;3
6;211;348;2
4;210;3080;2
8;210;3253;3
11;211;1601;3
3;211;1726;1
4;211;3444;2
9;211;3875;3
8;211;5108;3
4;212;2312;2
5;212;1434;2
9;212;2740;3
3;212;2772;1
7;211;4242;2
7;212;2723;2
11;213;647;3
2;213;99;1
3;213;42;1
8;213;497;3
10;213;450;3
6;213;1969;2
7;213;1072;2
4;213;2512;2
11;214;1564;3
10;214;1695;3
3;214;481;1
7;214;1801;2
6;214;2720;2
3;215;382;1
10;215;631;3
7;215;345;2
9;213;7583;3
5;213;7006;2
11;215;1961;3
6;215;1861;2
6;216;1829;2
3;216;217;1
11;216;2307;3
10;216;2538;3
3;217;26;1
7;216;328;2
8;214;12197;3
5;215;5921;2
9;215;5782;3
2;217;117;1
5;217;1307;2
9;217;3173;3
4;218;1845;2
8;218;753;3
9;218;748;3
5;218;281;2
2;219;142;1
8;219;847;3
10;217;7089;3
11;217;7088;3
11;219;1405;3
5;219;473;2
6;219;273;2
4;219;504;2
3;219;219;1
9;219;669;3
3;220;1074;1
6;220;1700;2
10;220;1011;3
7;220;402;2
4;220;2758;2
9;220;1712;3
8;220;759;3
2;220;1627;1
5;220;1390;2
9;221;1313;3
8;221;1343;3
4;221;740;2
11;220;3610;3
6;221;3292;2
11;221;4431;3
10;221;1165;3
6;222;631;2
5;221;2643;2
2;221;2724;1
4;222;928;2
3;222;2416;1
10;222;2829;3
7;222;2681;2
2;222;3775;1
8;222;3102;3
5;222;2388;2
7;223;2890;2
11;223;3695;3
3;223;1538;1
3;224;640;1
11;224;1247;3
5;223;4379;2
7;224;1276;2
6;224;1231;2
10;224;1504;3
7;225;450;2
2;223;7315;1
9;223;7826;3
9;224;5509;3
5;225;1817;2
9;225;2351;3
8;225;1101;3
2;226;284;1
11;225;3897;3
6;225;3688;2
3;225;2842;1
9;226;1394;3
4;226;2855;2
8;226;2483;3
4;227;2317;2
5;226;4117;2
9;227;619;3
8;227;535;3
5;227;470;2
6;226;4282;2
11;226;4424;3
7;226;4197;2
3;227;742;1
3;228;59;1
7;228;1331;2
10;228;1928;3
11;228;1576;3
6;228;1226;2
6;229;351;2
5;228;4772;2
8;228;5277;3
4;228;4315;2
2;229;232;1
7;229;1421;2
11;229;1792;3
10;229;1647;3
5;229;2124;2
4;229;3188;2
10;230;1883;3
9;229;3088;3
8;229;3283;3
4;230;1466;2
5;230;1180;2
2;230;1007;1
8;230;1237;3
3;230;2397;1
7;230;3376;2
6;230;3563;2
8;231;667;3
6;231;397;2
2;231;1210;1
4;231;1481;2
5;231;1538;2
4;232;1606;2
5;232;829;2
2;232;226;1
11;231;4109;3
3;231;3792;1
9;232;2891;3
8;232;3397;3
2;233;698;1
5;233;1023;2
8;233;981;3
3;232;6025;1
9;233;5345;3
4;233;5379;2
5;234;2630;2
8;234;844;3
9;234;978;3
8;235;521;3
11;232;10863;3
11;233;7399;3
11;235;2475;3
4;235;259;2
5;235;349;2
7;235;330;2
9;235;679;3
2;235;311;1
11;236;2466;3
10;236;571;3
7;236;366;2
6;236;322;2
3;236;181;1
8;236;3803;3
9;236;2938;3
5;236;2610;2
11;237;703;3
3;237;128;1
4;237;331;2
7;237;425;2
9;237;634;3
6;237;1512;2
10;237;1478;3
10;238;1014;3
11;238;1340;3
3;238;632;1
6;238;797;2
2;237;3738;1
5;237;3760;2
8;237;3718;3
9;238;508;3
7;238;441;2
10;239;625;3
2;239;1173;1
5;239;2404;2
9;239;2883;3
8;239;1758;3
4;239;2001;2
3;239;3117;1
4;240;1419;2
2;240;588;1
6;239;5517;2
11;239;7563;3
11;240;5643;3
7;240;2810;2
6;241;1494;2
7;241;1356;2
3;241;701;1
8;240;6558;3
11;241;1704;3
11;242;1376;3
10;242;752;3
6;242;325;2
3;242;411;1
5;240;10987;2
9;240;10950;3
5;241;6995;2
8;243;2888;3
5;243;685;2
9;243;717;3
7;242;4229;2
3;243;4044;1
7;243;4374;2
6;244;717;2
8;244;663;3
7;244;457;2
2;244;3396;1
9;244;5247;3
4;244;4578;2
3;244;4589;1
11;244;4471;3
10;244;5139;3
10;245;1436;3
7;246;922;2
3;246;923;1
4;245;2735;2
5;246;1849;2
4;246;1979;2
8;246;2422;3
11;246;2304;3
6;246;1782;2
10;246;1242;3
6;247;339;2
2;247;63;1
5;247;1305;2
4;247;1616;2
3;247;145;1
9;247;530;3
8;247;532;3
7;247;364;2
10;247;2982;3
8;248;1610;3
4;248;1427;2
2;248;500;1
9;248;897;3
5;248;499;2
2;249;147;1
10;248;4644;3
7;248;4028;2
5;249;1434;2
8;249;1741;3
4;249;1440;2
9;249;650;3
3;248;7486;1
7;249;3355;2
4;250;1564;2
2;250;1875;1
8;250;2117;3
5;250;1076;2
6;249;6134;2
10;250;4319;3
11;249;6529;3
8;251;696;3
9;251;3660;3
4;251;4004;2
2;251;3366;1
4;252;710;2
2;252;364;1
8;252;746;3
9;252;919;3
2;253;336;1
4;253;470;2
7;251;7979;2
10;251;8003;3
7;252;3353;2
5;253;298;2
6;253;2078;2
9;253;5163;3
4;254;2083;2
8;253;6065;3
9;254;926;3
5;255;713;2
11;253;6042;3
10;253;5702;3
9;255;1710;3
2;255;1449;1
4;255;1012;2
4;128;512;2
8;255;759;3
2;128;150;1
5;128;766;2
9;128;1977;3
8;128;2243;3
2;129;387;1
4;129;661;2
9;129;821;3
7;255;10279;2
6;255;10651;2
5;129;1933;2
8;129;1905;3
8;130;1293;3
4;130;800;2
7;128;6159;2
7;129;3446;2
2;130;1759;1
9;130;1863;3
5;130;1049;2
5;131;836;2
9;131;557;3
6;129;7382;2
4;131;1372;2
8;131;1466;3
2;131;951;1
5;132;696;2
3;130;6599;1
6;130;6720;2
8;132;2566;3
4;132;2352;2
2;132;2197;1
2;133;507;1
9;133;761;3
7;131;7708;2
6;132;4880;2
11;132;5286;3
11;133;1144;3
4;133;2004;2
4;134;1349;2
7;133;2833;2
10;133;3076;3
8;133;3142;3
8;134;3286;3
2;134;1289;1
5;133;4458;2
8;135;609;3
5;135;1065;2
2;135;241;1
4;135;540;2
9;135;963;3
10;134;6745;3
6;134;6053;2
11;135;2335;3
7;136;335;2
8;136;3027;3
2;136;1687;1
4;136;3169;2
4;137;1064;2
8;137;1092;3
2;137;737;1
9;137;1122;3
5;137;356;2
6;136;5109;2
3;136;5145;1
11;136;5192;3
11;137;1105;3
10;137;448;3
6;138;382;2
11;138;2067;3
3;138;1205;1
10;138;1793;3
7;138;372;2
11;139;618;3
9;138;4415;3
2;138;3765;1
8;138;3656;3
3;139;212;1
6;139;436;2
7;139;462;2
9;139;3400;3
2;139;1889;1
4;139;3975;2
8;140;1307;3
4;140;1710;2
5;139;5250;2
10;139;4232;3
11;140;3581;3
7;140;3997;2
6;141;1036;2
10;141;891;3
9;140;3519;3
2;140;2322;1
5;140;2759;2
8;141;608;3
3;141;238;1
9;141;576;3
11;141;555;3
5;141;1451;2
9;142;1058;3
7;141;2808;2
3;142;2105;1
6;142;1804;2
8;142;733;3
4;142;308;2
10;142;1838;3
7;142;1402;2
10;143;965;3
2;142;2243;1
11;143;1632;3
3;143;1678;1
6;143;730;2
5;142;4641;2
2;143;2605;1
9;143;3593;3
2;144;335;1
4;144;733;2
6;144;1617;2
11;144;1221;3
7;143;4014;2
3;144;919;1
9;144;3258;3
5;144;2868;2
8;144;2248;3
4;145;614;2
2;145;43;1
5;145;1322;2
7;144;4174;2
10;144;4582;3
6;145;3523;2
9;145;594;3
10;145;1509;3
2;146;136;1
11;145;2159;3
11;146;3263;3
6;146;1972;2
3;146;1668;1
7;146;3135;2
10;147;650;3
7;147;725;2
8;146;4778;3
9;146;4538;3
4;146;5480;2
5;147;2323;2
8;147;2117;3
9;147;1338;3
9;148;776;3
5;148;277;2
4;148;278;2
2;148;489;1
8;148;722;3
9;149;513;3
6;147;6470;2
11;147;5963;3
6;149;824;2
8;149;605;3
10;149;581;3
4;149;431;2
2;149;20;1
11;149;581;3
7;149;2344;2
11;150;2060;3
3;150;782;1
10;150;3484;3
6;150;1581;2
5;149;4869;2
7;150;3703;2
3;151;749;1
6;151;440;2
8;150;7260;3
10;151;2592;3
11;151;3158;3
6;152;1300;2
11;152;1577;3
7;151;2558;2
7;152;1095;2
3;152;393;1
4;150;9838;2
9;151;6596;3
5;151;4824;2
3;153;39;1
10;152;521;3
10;153;563;3
4;153;1445;2
8;153;735;3
5;152;2402;2
6;153;449;2
11;153;834;3
5;153;477;2
2;153;418;1
6;154;1792;2
3;154;1712;1
7;153;1947;2
11;154;1058;3
9;153;3844;3
2;154;2571;1
8;154;1843;3
4;154;990;2
9;154;651;3
10;154;2744;3
7;154;2953;2
6;155;687;2
3;155;801;1
11;155;863;3
10;155;866;3
7;155;587;2
7;156;335;2
8;155;5040;3
5;155;3841;2
3;156;2255;1
6;156;2694;2
11;156;2754;3
3;157;1482;1
10;157;893;3
2;156;4853;1
6;157;1666;2
7;157;1270;2
6;158;1392;2
3;158;563;1
4;156;8019;2
5;157;4614;2
2;158;4184;1
7;158;2389;2
10;158;1968;3
2;159;136;1
3;159;17;1
4;159;271;2
7;159;459;2
9;159;2308;3
8;159;3705;3
5;159;1607;2
8;160;1299;3
9;160;853;3
5;160;589;2
6;159;3312;2
11;159;3663;3
10;159;3096;3
3;160;445;1
4;160;390;2
2;160;275;1
3;161;179;1
2;161;98;1
5;161;503;2
8;161;730;3
4;161;299;2
6;161;286;2
11;161;1896;3
7;161;2013;2
6;162;2120;2
10;162;1673;3
7;162;326;2
3;162;444;1
11;163;480;3
6;163;914;2
3;163;912;1
7;163;1435;2
10;163;820;3
11;164;572;3
9;162;8053;3
8;162;7948;3
9;163;4724;3
6;164;476;2
3;164;356;1
9;164;2695;3
4;164;2681;2
2;164;2770;1
9;165;875;3
5;165;345;2
8;165;956;3
4;166;323;2
2;165;835;1
7;164;5820;2
6;165;5850;2
10;166;1319;3
6;166;1992;2
11;166;2753;3
10;167;889;3
11;167;668;3
3;167;272;1
6;167;303;2
8;166;5075;3
9;166;5209;3
5;166;5816;2
8;167;1124;3
4;168;1147;2
7;167;2490;2
6;168;2170;2
3;168;825;1
10;168;775;3
7;168;298;2
11;168;457;3
2;168;253;1
8;168;714;3
9;168;724;3
6;169;1359;2
7;169;648;2
3;169;132;1
10;169;907;3
11;169;463;3
5;168;4176;2
2;169;3749;1
4;169;3039;2
9;169;2662;3
5;170;955;2
4;170;896;2
11;170;3305;3
3;170;2402;1
4;171;1988;2
9;170;2764;3
9;171;926;3
8;170;3262;3
8;171;2807;3
2;171;410;1
5;171;346;2
6;170;6865;2
7;171;3376;2
11;171;3574;3
4;172;1413;2
2;172;770;1
9;172;713;3
8;172;589;3
11;172;3025;3
6;172;4014;2
10;172;4044;3
3;173;431;1
5;172;2330;2
4;173;327;2
11;173;1523;3
10;173;2147;3
6;173;2041;2
3;174;795;1
6;174;255;2
5;173;4629;2
2;173;4492;1
9;173;4394;3
5;174;903;2
7;174;247;2
8;174;686;3
2;175;203;1
11;174;2532;3
10;174;2903;3
3;175;1171;1
7;175;1472;2
11;175;1154;3
10;175;767;3
6;175;631;2
11;176;740;3
6;176;524;2
10;176;888;3
3;176;181;1
5;175;5961;2
8;175;6401;3
9;175;6667;3
4;176;2614;2
9;177;1239;3
2;177;619;1
5;176;3673;2
5;177;389;2
8;177;782;3
4;178;937;2
2;178;507;1
7;176;6121;2
3;177;4622;1
9;178;1615;3
8;178;1871;3
5;178;1531;2
9;179;701;3
11;177;8773;3
7;178;4485;2
6;178;4335;2
10;179;1092;3
6;179;376;2
8;179;613;3
3;179;24;1
4;179;505;2
2;179;476;1
5;179;320;2
5;180;362;2
6;180;293;2
10;180;573;3
3;180;1538;1
7;180;1713;2
11;180;2009;3
11;181;557;3
6;181;355;2
9;180;4286;3
2;180;2637;1
4;180;4056;2
9;181;977;3
2;181;531;1
4;181;937;2
7;181;2679;2
9;182;1682;3
8;182;852;3
5;182;950;2
4;182;726;2
2;182;322;1
10;181;5955;3
3;181;5585;1
6;182;4573;2
11;183;1175;3
6;183;1005;2
3;183;27;1
7;183;3334;2
10;183;2153;3
3;184;1589;1
11;184;1176;3
5;183;4508;2
9;183;4767;3
2;183;4091;1
2;184;30;1
10;184;474;3
6;185;361;2
3;185;77;1
10;185;1506;3
11;185;1340;3
4;184;4077;2
8;184;3879;3
2;185;3480;1
8;185;2007;3
2;186;236;1
5;186;1298;2
8;186;1804;3
7;185;3341;2
11;186;2711;3
4;186;1299;2
9;186;1087;3
2;187;179;1
6;186;4346;2
6;187;1437;2
3;187;264;1
10;187;1829;3
7;187;2029;2
11;187;2364;3
5;187;2762;2
9;187;5613;3
4;187;4081;2
5;188;3479;2
2;188;1506;1
9;188;1643;3
4;189;739;2
2;189;931;1
9;189;1161;3
5;189;834;2
7;188;5626;2
11;188;6270;3
3;189;1531;1
11;189;1312;3
10;189;745;3
7;189;2731;2
8;189;678;3
8;190;605;3
2;190;335;1
10;190;623;3
6;190;408;2
3;190;296;1
7;190;343;2
4;190;354;2
11;190;683;3
5;190;366;2
9;190;703;3
4;191;690;2
9;191;660;3
3;191;144;1
11;191;565;3
6;191;275;2
2;191;55;1
10;191;471;3
8;191;648;3
5;191;356;2
7;191;372;2
3;192;304;1
6;192;464;2
10;192;525;3
11;192;572;3
5;192;1315;2
8;192;1781;3
2;192;160;1
7;192;1657;2
3;193;971;1
11;193;1291;3
4;192;2546;2
9;192;2124;3
5;193;2477;2
4;193;1802;2
8;193;2683;3
10;193;4237;3
6;193;4210;2
7;193;3385;2
10;194;1011;3
4;194;276;2
9;194;1623;3
8;194;1842;3
2;194;283;1
5;194;642;2
7;194;343;2
3;195;61;1
7;195;250;2
9;195;732;3
10;195;2176;3
6;195;1526;2
11;195;1466;3
6;196;906;2
3;196;357;1
4;195;3459;2
5;195;4055;2
2;195;3883;1
9;196;2730;3
4;196;2183;2
5;196;3117;2
8;196;1496;3
4;197;582;2
5;197;701;2
11;196;4356;3
7;196;3629;2
2;197;1079;1
9;197;1096;3
10;196;5742;3
7;197;3989;2
10;197;4425;3
11;198;1563;3
3;198;761;1
6;198;710;2
8;197;3803;3
8;198;2707;3
2;198;2076;1
4;198;2252;2
9;198;2004;3
4;199;560;2
10;198;2790;3
5;199;2982;2
8;199;2102;3
2;199;1263;1
8;200;896;3
2;200;576;1
3;199;6207;1
7;198;7426;2
6;199;6516;2
11;200;2280;3
10;200;1002;3
7;201;425;2
11;201;698;3
6;201;556;2
10;201;547;3
3;201;298;1
5;200;6204;2
9;200;6659;3
6;202;1892;2
11;202;2258;3
10;202;1167;3
3;202;859;1
7;202;708;2
6;203;367;2
4;200;11688;2
4;202;5567;2
5;202;5368;2
3;203;99;1
8;203;629;3
7;203;426;2
11;203;1724;3
10;203;1452;3
4;203;2798;2
9;203;3064;3
11;204;2200;3
7;204;2165;2
10;204;2432;3
6;204;1082;2
3;205;385;1
7;205;397;2
2;203;6857;1
8;204;5714;3
5;204;5107;2
5;205;1792;2
2;205;1521;1
4;205;1949;2
4;206;1512;2
5;206;519;2
2;206;137;1
4;207;722;2
9;206;1648;3
8;206;1943;3
2;207;91;1
10;205;8548;3
6;205;9250;2
3;206;6769;1
11;207;2706;3
7;207;1113;2
3;208;637;1
5;207;4171;2
9;207;4188;3
8;207;4813;3
4;208;2292;2
5;208;2505;2
9;208;1413;3
2;209;647;1
5;209;573;2
4;209;881;2
8;209;987;3
9;209;1073;3
6;208;5584;2
10;208;5732;3
11;209;1278;3
11;210;1826;3
5;210;306;2
2;210;2375;1
8;210;3174;3
9;210;2534;3
4;211;1435;2
9;211;1201;3
8;211;1226;3
7;209;6180;2
7;210;5216;2
10;210;3460;3
7;211;789;2
2;211;36;1
11;211;488;3
5;211;348;2
2;212;214;1
8;212;668;3
7;212;388;2
3;212;64;1
11;212;587;3
6;212;1441;2
10;212;2168;3
4;212;3376;2
9;212;5598;3
5;212;5863;2
5;213;2845;2
11;213;3679;3
3;213;3539;1
6;213;3467;2
10;214;1787;3
2;214;535;1
4;214;3465;2
5;214;3999;2
9;214;2750;3
8;215;641;3
4;215;310;2
7;214;3971;2
10;215;2528;3
9;215;2225;3
5;215;1727;2
4;216;941;2
11;215;6084;3
7;215;3615;2
2;216;1677;1
2;217;270;1
9;216;2337;3
8;216;2385;3
8;217;1617;3
4;217;452;2
6;216;6633;2
7;216;3614;2
3;217;4495;1
7;217;2101;2
6;218;2037;2
10;218;1197;3
3;218;47;1
7;218;674;2
11;218;611;3
6;219;908;2
3;219;519;1
11;219;1206;3
7;219;985;2
10;219;603;3
11;220;513;3
5;216;12992;2
5;217;10777;2
2;219;3320;1
6;220;1308;2
10;220;1773;3
3;220;1205;1
8;220;3359;3
2;220;1541;1
4;220;3961;2
9;220;2296;3
4;221;1368;2
2;221;514;1
7;220;3043;2
6;221;2864;2
3;221;2737;1
11;221;2548;3
6;222;798;2
7;221;3262;2
7;222;556;2
10;222;688;3
9;221;4562;3
8;221;4172;3
5;221;5855;2
9;222;2816;3
8;222;2238;3
4;223;885;2
8;223;666;3
9;223;623;3
2;223;1000;1
5;223;1077;2
11;222;5333;3
3;222;5243;1
3;223;4046;1
10;223;3981;3
6;224;664;2
3;224;129;1
11;224;2103;3
10;224;2455;3
7;223;8142;2
5;224;4474;2
4;224;4676;2
9;224;6588;3
8;225;2839;3
5;225;2732;2
4;226;465;2
5;226;391;2
10;225;5573;3
7;225;5825;2
11;225;4653;3
11;226;1219;3
6;226;1327;2
7;227;380;2
3;227;315;1
8;226;4188;3
2;226;4963;1
9;226;5019;3
5;227;3575;2
9;227;1185;3
10;227;4708;3
6;227;4188;2
2;228;1058;1
8;228;3141;3
4;228;2077;2
9;228;1397;3
11;227;6416;3
11;228;3451;3
10;228;3179;3
3;229;2068;1
6;229;2269;2
6;230;501;2
3;230;263;1
10;230;538;3
9;229;4166;3
4;229;4924;2
5;229;5199;2
2;230;1147;1
7;230;2369;2
11;230;2666;3
6;231;326;2
8;230;607;3
5;230;504;2
4;231;431;2
11;231;1729;3
2;231;2069;1
8;231;2334;3
5;231;1145;2
3;231;1790;1
10;231;2507;3
7;231;2795;2
11;232;1119;3
6;232;261;2
3;232;230;1
10;232;1200;3
7;232;894;2
11;233;561;3
9;231;5821;3
2;232;3319;1
8;232;2867;3
5;232;4691;2
5;233;3748;2
2;233;1548;1
9;232;5942;3
4;233;4809;2
8;233;4367;3
4;234;444;2
2;234;39;1
5;234;543;2
8;234;876;3
7;233;7340;2
4;235;1836;2
2;235;1302;1
8;235;1481;3
9;235;967;3
6;233;10861;2
3;233;11176;1
7;234;6783;2
7;236;1712;2
6;236;1024;2
5;235;3997;2
5;236;4805;2
8;236;5393;3
5;237;1203;2
8;237;1635;3
4;237;1079;2
9;237;657;3
2;237;157;1
11;236;6160;3
10;236;6500;3
3;237;3794;1
3;238;197;1
5;238;405;2
7;238;481;2
6;238;363;2
11;238;582;3
9;238;534;3
4;238;470;2
2;238;83;1
8;238;683;3
3;239;2438;1
11;239;2868;3
10;238;4391;3
6;239;1330;2
4;239;4502;2
2;239;3354;1
8;239;4705;3
8;240;2122;3
4;240;1472;2
2;240;1110;1
9;240;1527;3
5;240;442;2
4;241;556;2
2;241;515;1
10;239;6374;3
11;240;5210;3
8;241;2375;3
5;241;1807;2
9;241;1028;3
4;242;726;2
5;242;355;2
9;242;697;3
6;240;8658;2
7;240;6785;2
7;241;5657;2
10;242;776;3
6;242;476;2
3;242;1604;1
3;243;255;1
6;243;2140;2
11;243;1552;3
7;242;2978;2
7;243;1172;2
2;242;4611;1
8;242;7004;3
4;243;4914;2
8;243;3720;3
8;244;1507;3
5;244;1270;2
9;244;998;3
4;245;1056;2
2;245;644;1
5;245;1125;2
10;243;6806;3
10;244;6354;3
6;245;1919;2
9;245;1734;3
8;245;1153;3
5;246;815;2
9;246;1200;3
10;245;2933;3
7;245;2593;2
10;246;4282;3
7;246;3194;2
6;246;2819;2
7;247;1228;2
4;246;3918;2
2;246;3297;1
8;246;3217;3
2;247;721;1
6;247;1992;2
3;247;1881;1
10;247;2783;3
11;248;586;3
9;247;4223;3
8;247;2601;3
2;248;2127;1
9;248;2934;3
4;248;2034;2
5;248;2130;2
2;249;514;1
8;248;3265;3
4;249;1733;2
5;249;1086;2
9;249;493;3
4;250;449;2
8;249;539;3
10;248;6591;3
6;248;5649;2
7;248;4995;2
6;250;285;2
11;250;577;3
10;250;691;3
3;250;107;1
5;250;1863;2
2;250;61;1
9;250;2636;3
8;250;2534;3
3;251;136;1
11;251;4109;3
6;251;4047;2
10;251;3233;3
7;250;5310;2
4;251;3789;2
2;251;3299;1
11;252;3753;3
3;252;2175;1
6;252;2969;2
7;251;8355;2
5;251;5106;2
4;252;3750;2
2;252;2853;1
8;253;1890;3
9;253;1311;3
4;253;595;2
5;253;740;2
7;252;5397;2
11;253;3635;3
6;253;2902;2
3;254;135;1
4;254;450;2
11;254;2229;3
9;254;2688;3
2;254;1582;1
8;254;2933;3
5;254;3462;2
6;254;4246;2
10;254;3519;3
9;255;1503;3
4;255;1738;2
3;255;5400;1
10;255;3624;3
7;255;2968;2
5;128;1916;2
6;128;411;2
4;128;2530;2
9;128;2623;3
2;128;271;1
8;128;3158;3
9;129;1947;3
8;129;2085;3
4;129;771;2
2;129;381;1
3;129;3168;1
6;129;4211;2
11;129;5351;3
5;129;1557;2
6;130;2348;2
7;129;2670;2
5;130;1899;2
9;130;1854;3
2;130;1631;1
9;131;1156;3
8;131;970;3
2;131;528;1
4;131;538;2
5;131;379;2
10;130;6253;3
11;130;6370;3
6;132;1023;2
10;132;1722;3
11;132;714;3
3;132;415;1
7;132;565;2
4;132;4208;2
9;132;3084;3
5;132;2890;2
4;133;881;2
2;133;602;1
9;133;644;3
5;133;2023;2
8;133;1057;3
4;134;511;2
8;134;490;3
6;133;4402;2
11;133;4755;3
3;133;4476;1
6;134;2947;2
10;134;2868;3
7;134;2890;2
11;135;2408;3
6;135;1528;2
5;134;5222;2
2;134;5203;1
9;134;5526;3
7;135;5591;2
6;136;1572;2
11;136;604;3
10;136;546;3
3;136;371;1
7;136;435;2
3;137;501;1
2;136;6224;1
5;136;5623;2
8;136;5831;3
11;137;5549;3
6;137;5819;2
10;137;6005;3
3;138;1025;1
6;139;597;2
7;139;966;2
3;139;885;1
11;139;1195;3
10;139;523;3
11;140;492;3
5;137;9233;2
8;137;9441;3
9;139;5724;3
9;140;1512;3
4;140;1209;2
5;140;1241;2
2;140;909;1
3;140;4342;1
6;140;5977;2
7;140;5394;2
3;141;2720;1
7;141;1251;2
11;142;1064;3
3;142;708;1
6;142;829;2
5;141;4903;2
4;141;4277;2
2;141;4170;1
10;142;1534;3
7;142;1736;2
4;142;2983;2
11;143;1581;3
8;142;4279;3
2;142;3819;1
3;143;1076;1
10;143;3170;3
6;143;2369;2
7;143;3728;2
10;144;1222;3
11;144;1167;3
7;144;831;2
6;144;713;2
4;143;5930;2
8;143;4161;3
9;144;2803;3
2;144;762;1
3;145;203;1
5;144;2723;2
4;144;2994;2
11;145;2691;3
7;145;1979;2
10;145;2200;3
3;146;384;1
8;144;5383;3
4;145;5209;2
7;146;1572;2
10;146;1909;3
11;146;1908;3
2;145;3368;1
9;146;3272;3
2;146;3382;1
5;146;2489;2
8;146;2465;3
4;147;1116;2
2;147;805;1
9;147;747;3
8;147;772;3
5;147;657;2
4;148;522;2
2;148;156;1
5;148;465;2
11;147;6603;3
7;147;5135;2
6;147;5072;2
3;148;209;1
8;148;606;3
9;148;616;3
6;148;1918;2
7;148;2094;2
3;149;313;1
11;148;2180;3
10;148;3462;3
11;149;1747;3
6;149;2018;2
7;149;1508;2
10;149;1671;3
4;149;3467;2
7;150;1418;2
10;150;1026;3
11;150;908;3
3;150;309;1
2;149;4173;1
6;150;1983;2
5;149;6677;2
8;150;6134;3
2;150;3986;1
5;151;2140;2
9;151;3221;3
8;151;2231;3
4;151;2237;2
9;152;523;3
11;151;5578;3
6;151;5377;2
3;151;5877;1
3;152;1556;1
10;152;3972;3
11;152;4168;3
11;153;1764;3
3;153;860;1
10;153;786;3
7;153;682;2
3;154;326;1
2;152;6321;1
2;153;4506;1
8;152;6427;3
6;154;1443;2
10;154;1159;3
11;154;720;3
7;154;931;2
11;155;1028;3
6;155;418;2
10;155;872;3
3;155;292;1
8;154;5977;3
2;154;4848;1
4;154;4528;2
9;155;1896;3
4;155;1777;2
7;155;445;2
6;156;1293;2
11;156;2429;3
3;156;1424;1
10;156;1640;3
7;156;315;2
10;157;566;3
11;157;716;3
6;157;846;2
2;156;6109;1
8;156;5203;3
5;156;4059;2
3;157;110;1
4;157;319;2
5;158;455;2
9;158;707;3
6;158;2196;2
11;158;4155;3
7;157;5277;2
3;158;3354;1
10;159;1578;3
3;159;176;1
11;159;872;3
7;159;2670;2
6;160;278;2
11;160;535;3
2;158;6736;1
4;158;5971;2
9;159;2526;3
8;160;1058;3
9;160;936;3
7;160;249;2
3;160;102;1
5;160;376;2
10;160;601;3
4;161;365;2
2;161;351;1
5;161;562;2
10;161;477;3
11;161;454;3
3;161;277;1
6;161;711;2
8;161;630;3
7;161;1942;2
6;162;1782;2
11;162;2064;3
3;162;174;1
9;161;3794;3
5;162;4931;2
4;162;5606;2
2;162;4319;1
2;163;645;1
10;162;5718;3
11;163;5735;3
6;163;4330;2
7;163;1911;2
7;164;733;2
10;163;2527;3
6;164;270;2
4;164;4781;2
2;164;1375;1
9;164;2745;3
5;163;5869;2
5;165;1092;2
2;165;422;1
4;165;482;2
11;164;5532;3
3;164;6434;1
3;165;6498;1
3;166;1067;1
7;166;2263;2
6;166;2326;2
11;166;2082;3
10;166;1015;3
9;165;5935;3
6;167;958;2
11;167;1376;3
3;167;820;1
10;167;1341;3
7;167;421;2
6;168;376;2
3;168;441;1
2;166;8140;1
8;165;10700;3
10;168;2206;3
7;168;1877;2
11;168;2152;3
3;169;232;1
6;169;706;2
11;169;886;3
8;167;9903;3
4;168;5229;2
7;169;1623;2
10;169;592;3
2;168;7306;1
4;169;2509;2
9;169;2954;3
4;170;807;2
9;170;848;3
11;170;581;3
6;170;630;2
3;170;333;1
10;170;1064;3
7;170;1787;2
6;171;1712;2
11;171;2106;3
7;171;351;2
2;170;3751;1
5;170;5587;2
8;170;5792;3
9;171;3041;3
9;172;1602;3
5;172;1491;2
3;171;3923;1
10;171;3631;3
7;172;3242;2
10;172;1055;3
11;172;1094;3
11;173;2547;3
3;173;2377;1
6;173;2533;2
2;173;4823;1
5;173;4478;2
9;173;4762;3
7;173;3633;2
10;173;4120;3
6;174;3425;2
7;174;1210;2
6;175;405;2
11;175;467;3
9;174;4371;3
5;174;3974;2
8;174;2636;3
3;175;231;1
10;175;3633;3
7;175;3148;2
11;176;3268;3
8;175;5668;3
5;175;4267;2
5;176;2787;2
10;177;3637;3
3;177;2915;1
6;177;3370;2
3;178;226;1
8;176;7239;3
4;177;5855;2
10;178;3408;3
11;178;3057;3
6;178;3662;2
7;178;4124;2
3;179;718;1
7;179;303;2
10;179;724;3
11;180;698;3
3;180;310;1
9;178;8916;3
4;178;7599;2
8;179;4587;3
6;180;1392;2
10;180;1857;3
7;180;1758;2
6;181;890;2
5;180;2991;2
10;181;2832;3
11;181;3251;3
3;181;1340;1
4;180;5782;2
9;180;6913;3
8;181;6833;3
8;182;2815;3
2;182;998;1
9;182;1040;3
4;183;707;2
2;183;115;1
10;182;4348;3
5;183;1894;2
8;183;2419;3
4;184;272;2
9;183;651;3
8;184;483;3
11;182;7754;3
6;182;6639;2
3;183;4247;1
5;184;2275;2
2;184;1689;1
9;184;1763;3
8;185;537;3
10;184;4074;3
3;184;3586;1
7;184;3931;2
6;185;901;2
11;185;2219;3
3;185;1774;1
7;185;643;2
10;185;906;3
2;185;3349;1
4;185;4595;2
9;185;4319;3
8;186;2085;3
5;186;2432;2
4;186;1110;2
4;187;527;2
5;187;281;2
6;186;6256;2
7;186;5962;2
10;186;6089;3
11;187;2502;3
10;187;2412;3
7;188;1872;2
9;187;3034;3
6;188;3083;2
3;188;2665;1
6;189;2910;2
10;189;1324;3
2;187;7997;1
8;187;9580;3
5;188;5692;2
9;189;2413;3
5;190;632;2
9;190;920;3
2;190;170;1
6;190;4391;2
7;190;3641;2
5;191;1495;2
9;191;1570;3
8;191;576;3
4;191;501;2
2;191;108;1
3;190;5204;1
7;191;2957;2
6;191;2223;2
2;192;118;1
7;192;260;2
11;192;559;3
3;192;280;1
4;192;422;2
10;192;456;3
8;192;680;3
6;193;405;2
11;193;523;3
7;193;1890;2
3;193;1134;1
9;192;4024;3
9;193;2810;3
2;193;2301;1
4;193;1674;2
10;193;1634;3
5;193;3445;2
11;194;652;3
6;194;441;2
8;194;731;3
5;194;298;2
4;194;477;2
3;194;1174;1
10;194;1911;3
7;194;1587;2
3;195;1400;1
7;195;1423;2
11;195;2165;3
6;195;2219;2
10;195;528;3
3;196;106;1
2;194;5695;1
2;195;6165;1
2;196;3822;1
5;196;3690;2
4;197;588;2
8;196;2183;3
7;196;4208;2
6;196;3043;2
11;196;3208;3
9;196;7748;3
9;197;6181;3
5;197;7127;2
4;198;459;2
11;197;6941;3
6;197;6396;2
10;197;6505;3
11;199;3057;3
7;198;3730;2
7;199;2884;2
6;199;1271;2
3;200;1010;1
10;199;1657;3
10;200;1044;3
4;199;4246;2
2;199;5767;1
9;200;3834;3
5;200;2818;2
9;201;761;3
2;201;369;1
5;201;524;2
7;200;5135;2
11;200;5075;3
4;201;2016;2
8;201;2100;3
6;200;7268;2
10;201;2494;3
6;202;1271;2
7;201;2984;2
7;202;2824;2
11;202;2167;3
3;202;1689;1
3;203;1113;1
7;203;858;2
8;202;3852;3
9;202;3837;3
2;202;3805;1
5;203;376;2
4;203;470;2
8;203;784;3
11;203;468;3
10;203;682;3
6;203;475;2
2;203;2048;1
2;204;1525;1
4;204;1650;2
9;204;1518;3
5;204;477;2
8;204;811;3
4;205;1294;2
8;205;2106;3
2;205;219;1
5;205;2702;2
9;205;785;3
10;204;9673;3
6;204;9231;2
6;205;5445;2
11;206;3209;3
6;206;3008;2
10;207;843;3
11;207;896;3
7;207;839;2
3;207;215;1
11;208;786;3
10;208;945;3
6;208;816;2
7;208;574;2
3;208;302;1
6;209;606;2
9;206;11242;3
2;206;10109;1
5;208;5538;2
3;209;188;1
4;209;390;2
7;209;4172;2
11;209;4960;3
10;209;2680;3
11;210;1129;3
3;210;446;1
7;210;738;2
11;211;561;3
8;209;6181;3
9;209;6308;3
9;210;4720;3
8;211;1010;3
4;211;883;2
7;211;321;2
2;211;1093;1
5;211;1614;2
9;211;695;3
2;212;391;1
4;212;624;2
5;212;577;2
3;211;5280;1
6;211;4746;2
3;212;3162;1
7;213;301;2
8;212;2608;3
9;212;2734;3
8;213;3312;3
2;213;2559;1
5;213;1873;2
8;214;1239;3
4;214;492;2
3;213;4283;1
6;213;5818;2
10;213;6982;3
10;214;2510;3
6;215;599;2
5;214;4140;2
9;214;3221;3
4;215;3064;2
2;215;1759;1
5;215;1844;2
8;215;1341;3
5;216;772;2
2;216;486;1
9;216;613;3
4;216;515;2
3;215;3893;1
11;215;3814;3
6;216;3324;2
7;216;4469;2
3;217;3548;1
11;216;5310;3
11;217;1477;3
6;218;635;2
7;217;317;2
7;218;354;2
3;218;347;1
8;216;6366;3
4;217;5725;2
5;217;5346;2
10;218;636;3
11;218;688;3
5;218;1463;2
9;218;1925;3
4;218;1342;2
3;219;95;1
11;219;1522;3
10;219;1629;3
6;219;1425;2
4;219;2316;2
5;219;1344;2
7;219;1822;2
3;220;1969;1
7;220;1749;2
6;220;585;2
2;219;4394;1
10;220;3680;3
11;220;4215;3
11;221;2171;3
6;221;1228;2
10;221;829;3
7;221;260;2
9;219;9199;3
8;219;9395;3
2;221;4640;1
5;222;866;2
3;222;1063;1
10;222;1933;3
11;222;665;3
6;222;896;2
11;223;506;3
2;222;4297;1
4;222;4019;2
8;222;4266;3
8;223;1924;3
2;223;92;1
5;223;550;2
6;223;4738;2
7;222;5030;2
7;223;4313;2
10;224;957;3
8;224;3704;3
9;224;3305;3
2;224;3202;1
4;225;750;2
8;225;1387;3
9;225;1607;3
3;224;5060;1
5;225;1283;2
2;226;950;1
8;226;1301;3
9;226;506;3
4;226;958;2
5;226;507;2
2;227;367;1
8;227;976;3
5;227;700;2
9;227;986;3
4;227;757;2
11;225;10986;3
6;225;7644;2
6;227;2265;2
10;227;711;3
3;227;160;1
3;228;138;1
7;228;319;2
6;228;1506;2
10;228;2195;3
11;228;520;3
4;228;3751;2
3;229;1748;1
6;229;1744;2
10;229;2435;3
11;229;1042;3
2;228;5200;1
5;228;4582;2
4;229;4632;2
2;230;1773;1
4;230;1812;2
9;230;2764;3
8;230;2905;3
5;230;270;2
10;230;4803;3
3;230;4344;1
8;231;1902;3
4;231;1649;2
9;231;1220;3
5;231;721;2
2;231;678;1
6;230;8264;2
6;231;3737;2
3;231;3134;1
5;232;299;2
2;232;181;1
7;232;3682;2
6;232;3994;2
10;232;4056;3
6;233;1309;2
11;233;1228;3
9;232;4664;3
7;233;4023;2
3;233;1688;1
10;233;2183;3
6;234;981;2
10;234;457;3
11;234;589;3
7;234;378;2
4;232;8391;2
8;232;8457;3
2;234;3179;1
6;235;1495;2
3;235;1748;1
7;235;858;2
11;235;704;3
5;234;3899;2
8;235;4284;3
4;235;3490;2
5;235;1995;2
2;236;155;1
10;235;2895;3
6;236;1751;2
11;236;2135;3
5;236;3478;2
9;236;4049;3
8;236;4282;3
2;237;872;1
9;237;1328;3
7;236;4176;2
3;236;3771;1
10;236;3027;3
4;237;2473;2
8;237;2530;3
4;238;1033;2
5;237;4028;2
5;238;2424;2
10;237;3530;3
8;238;978;3
9;238;2001;3
2;238;1912;1
2;239;1293;1
10;238;6416;3
6;238;5139;2
11;238;4389;3
6;239;441;2
10;239;844;3
3;240;98;1
7;239;1571;2
7;240;1183;2
11;240;1840;3
6;240;600;2
9;239;7429;3
4;239;8639;2
2;240;6383;1
8;240;3571;3
9;241;578;3
10;240;4846;3
10;241;4829;3
3;241;3701;1
6;242;349;2
5;242;1895;2
2;242;406;1
7;242;354;2
4;242;2684;2
9;242;5376;3
8;242;5047;3
5;243;2552;2
8;243;908;3
2;243;482;1
10;242;4888;3
11;243;3324;3
6;243;3347;2
10;243;3562;3
6;244;2930;2
10;244;762;3
2;244;2853;1
7;244;253;2
3;245;91;1
9;244;3836;3
4;244;2915;2
8;244;2956;3
5;245;2071;2
9;245;567;3
6;245;4190;2
11;245;2300;3
10;245;3300;3
11;246;1875;3
6;246;1799;2
7;245;4807;2
3;246;815;1
10;246;605;3
7;246;396;2
2;246;3974;1
4;246;4964;2
8;246;5152;3
5;247;1351;2
4;247;287;2
2;247;245;1
8;247;1124;3
9;247;760;3
4;248;485;2
6;247;4893;2
11;247;4551;3
3;247;4077;1
10;248;793;3
2;248;32;1
8;248;579;3
5;248;476;2
9;248;478;3
7;248;447;2
3;249;456;1
11;249;814;3
9;249;664;3
2;249;263;1
3;250;258;1
2;250;27;1
6;249;1509;2
5;249;1819;2
10;249;1722;3
8;249;4259;3
4;249;3984;2
8;250;2806;3
4;250;930;2
5;250;950;2
6;250;5523;2
7;249;6588;2
5;251;1934;2
2;251;1608;1
9;251;1955;3
4;251;1491;2
11;250;8494;3
8;252;1659;3
2;252;1738;1
9;252;2047;3
4;253;1225;2
8;253;849;3
5;253;542;2
9;253;870;3
2;253;634;1
11;251;9995;3
7;250;13096;2
3;252;4628;1
10;252;4258;3
4;254;277;2
9;254;702;3
2;254;5391;1
8;254;6331;3
5;254;4273;2
2;255;1273;1
9;255;770;3
4;128;347;2
10;253;11662;3
10;254;8185;3
7;128;1091;2
6;128;646;2
8;128;1599;3
9;128;1983;3
3;128;1091;1
10;128;3141;3
11;128;3599;3
11;129;1439;3
6;129;761;2
3;129;451;1
7;129;744;2
10;129;753;3
6;130;327;2
2;128;6091;1
5;128;6506;2
5;129;6270;2
5;130;1306;2
8;130;1316;3
9;130;772;3
2;130;114;1
10;130;4016;3
7;130;3394;2
3;130;2956;1
9;131;639;3
3;131;74;1
7;131;443;2
6;131;243;2
11;131;696;3
8;131;1176;3
10;131;1506;3
3;132;1274;1
11;132;1905;3
6;132;985;2
7;132;318;2
2;131;3631;1
4;131;4300;2
5;131;5010;2
10;132;1497;3
9;132;2328;3
11;133;610;3
5;133;407;2
10;133;479;3
6;133;295;2
4;133;1278;2
2;133;762;1
3;133;1988;1
7;133;1864;2
4;134;346;2
3;134;128;1
2;134;203;1
9;133;4575;3
8;133;4951;3
5;134;1593;2
8;134;2308;3
9;134;1779;3
2;135;114;1
6;134;4192;2
10;134;4434;3
11;134;3847;3
7;135;964;2
4;135;1842;2
8;135;2025;3
5;135;3720;2
9;135;3092;3
8;136;2984;3
2;136;496;1
4;136;590;2
3;136;3108;1
5;136;1935;2
2;137;1429;1
4;137;1358;2
9;137;1341;3
5;137;952;2
10;136;5930;3
6;136;7548;2
10;137;5514;3
6;138;2666;2
7;138;1338;2
10;138;1387;3
11;139;594;3
8;137;4947;3
4;138;5039;2
6;139;1336;2
7;139;943;2
10;139;1092;3
8;138;7293;3
2;139;2805;1
3;139;1532;1
10;140;672;3
3;140;442;1
7;140;1047;2
11;140;762;3
4;139;3841;2
5;139;3643;2
6;140;1456;2
11;141;1345;3
7;141;1398;2
3;141;242;1
8;139;7521;3
5;140;3519;2
8;141;3614;3
9;141;1588;3
5;141;1477;2
8;142;1369;3
4;142;1008;2
5;142;574;2
9;142;1034;3
10;141;4918;3
6;141;4789;2
6;142;4754;2
10;142;971;3
7;143;551;2
8;143;597;3
2;143;78;1
11;143;536;3
3;143;196;1
10;143;1962;3
6;143;1834;2
3;144;1642;1
7;144;1058;2
11;144;1022;3
6;144;740;2
10;144;687;3
4;143;5543;2
11;145;1993;3
7;145;290;2
6;145;817;2
3;145;218;1
9;143;8752;3
3;146;2039;1
10;145;2893;3
10;146;1891;3
6;146;437;2
11;146;2380;3
5;143;12178;2
2;145;6946;1
5;146;5319;2
4;147;1831;2
8;147;1069;3
9;147;769;3
7;146;3251;2
10;147;4572;3
7;147;4074;2
3;148;2095;1
10;148;1256;3
7;148;631;2
6;148;252;2
3;149;317;1
6;149;529;2
2;147;5852;1
8;148;5610;3
4;149;717;2
7;149;241;2
2;149;131;1
5;149;2175;2
9;149;2237;3
4;150;1832;2
5;150;852;2
9;150;935;3
8;150;543;3
10;149;5618;3
11;149;5350;3
6;150;5822;2
7;151;849;2
3;151;363;1
10;151;634;3
11;151;732;3
6;151;476;2
4;151;3891;2
8;151;4176;3
11;152;2066;3
6;152;691;2
3;152;723;1
10;152;1385;3
7;152;381;2
3;153;282;1
11;153;665;3
9;151;9288;3
4;152;6063;2
8;152;6326;3
6;153;342;2
2;153;2764;1
8;153;3472;3
4;154;1103;2
2;154;355;1
9;154;2758;3
5;154;980;2
4;155;1195;2
8;154;4329;3
2;155;271;1
5;155;791;2
7;153;7518;2
3;154;7027;1
7;155;3342;2
11;156;485;3
4;156;1842;2
8;155;2983;3
8;156;786;3
5;156;431;2
2;156;386;1
9;155;5054;3
9;156;2220;3
5;157;878;2
8;157;1177;3
9;157;819;3
4;157;538;2
2;157;678;1
2;158;324;1
5;158;365;2
4;158;489;2
9;158;810;3
10;156;9982;3
6;156;9447;2
3;157;4047;1
6;158;1083;2
8;158;722;3
4;159;1461;2
9;159;1912;3
8;159;1465;3
5;159;1506;2
2;159;1159;1
2;160;422;1
7;158;6089;2
3;159;4572;1
7;159;5076;2
10;160;1562;3
7;160;1522;2
3;161;1608;1
10;161;1495;3
5;160;4680;2
9;160;5119;3
8;160;5263;3
5;161;2183;2
8;161;2694;3
4;162;880;2
2;162;535;1
6;161;3735;2
3;162;1828;1
7;161;2033;2
7;162;450;2
6;162;371;2
8;162;519;3
9;162;536;3
10;162;521;3
5;162;423;2
6;163;434;2
2;163;158;1
9;163;643;3
7;163;463;2
8;163;621;3
11;163;487;3
3;163;253;1
6;164;242;2
10;163;628;3
10;164;713;3
3;164;121;1
5;163;2291;2
4;163;2623;2
4;164;1166;2
8;164;1030;3
2;164;1367;1
9;164;1782;3
5;164;1968;2
9;165;837;3
4;165;340;2
5;165;513;2
2;165;297;1
8;165;656;3
2;166;553;1
8;166;1050;3
9;166;1200;3
5;166;838;2
4;166;484;2
7;164;7588;2
11;165;6934;3
10;166;3071;3
6;167;288;2
7;167;342;2
3;167;446;1
8;167;546;3
11;167;3745;3
6;168;1787;2
10;167;2624;3
3;168;730;1
11;169;784;3
10;168;718;3
7;168;1423;2
2;167;7267;1
5;167;8661;2
4;168;4150;2
8;169;567;3
4;169;691;2
9;169;1213;3
2;170;393;1
7;169;5683;2
6;169;6785;2
10;169;7032;3
11;170;2240;3
6;170;2481;2
3;171;424;1
10;171;1631;3
4;170;3349;2
11;171;2578;3
6;171;2775;2
7;171;4023;2
7;172;495;2
6;172;547;2
10;172;609;3
11;172;628;3
3;172;506;1
6;173;391;2
8;170;12752;3
5;171;9312;2
4;173;1147;2
10;173;611;3
8;173;2088;3
3;173;54;1
5;173;2442;2
2;173;149;1
9;173;646;3
4;174;585;2
11;173;1898;3
11;174;2353;3
7;173;4220;2
3;174;961;1
5;174;2929;2
9;174;3015;3
2;174;2413;1
4;175;419;2
10;174;2915;3
6;174;2752;2
6;175;1594;2
10;175;693;3
3;175;355;1
11;175;690;3
7;174;6622;2
7;175;3354;2
9;175;3946;3
2;175;485;1
8;175;4350;3
9;176;2745;3
8;176;2552;3
4;176;1636;2
6;176;2700;2
3;176;2066;1
10;176;2346;3
11;176;1087;3
9;177;525;3
4;177;504;2
7;177;1930;2
11;177;2689;3
10;177;3221;3
6;177;3038;2
6;178;2566;2
3;178;1213;1
7;178;345;2
8;177;3870;3
2;177;3616;1
5;177;3850;2
2;179;2015;1
4;179;2169;2
8;179;1056;3
9;179;845;3
5;179;744;2
9;180;676;3
2;180;425;1
11;179;6469;3
3;179;6113;1
7;179;6170;2
3;180;685;1
11;180;527;3
10;180;689;3
5;180;3398;2
8;180;4242;3
4;180;4241;2
2;181;735;1
5;181;1490;2
8;181;1807;3
9;181;1598;3
4;182;726;2
5;182;727;2
9;182;975;3
8;182;636;3
10;181;6776;3
3;181;5679;1
7;181;5916;2
7;182;1580;2
3;183;1666;1
11;183;2089;3
10;183;1362;3
6;183;490;2
7;183;393;2
2;182;3762;1
5;183;3527;2
4;183;3167;2
8;183;1069;3
4;184;354;2
8;184;632;3
9;184;647;3
3;184;217;1
7;184;3535;2
6;184;3914;2
11;184;2142;3
11;185;1444;3
5;184;2557;2
2;184;1685;1
8;185;818;3
2;185;84;1
4;185;379;2
6;185;1300;2
7;185;1714;2
10;185;1685;3
3;186;244;1
5;185;2586;2
9;185;5322;3
5;186;3926;2
9;186;3489;3
9;187;667;3
7;186;4476;2
10;186;4321;3
11;186;4594;3
6;187;1150;2
5;187;1509;2
2;187;451;1
4;187;4068;2
8;187;3371;3
9;188;2013;3
2;188;53;1
3;187;3803;1
3;188;1301;1
11;188;3363;3
6;188;1068;2
10;188;736;3
6;189;284;2
5;188;3197;2
11;189;611;3
7;188;5297;2
5;189;1237;2
7;189;1290;2
10;189;711;3
3;189;741;1
6;190;921;2
8;188;6896;3
2;189;4804;1
4;189;4793;2
5;190;2704;2
8;190;1021;3
4;191;446;2
2;191;270;1
3;190;3885;1
11;190;3619;3
7;190;3088;2
10;191;495;3
5;191;357;2
8;191;636;3
6;191;481;2
11;191;818;3
9;191;560;3
3;191;37;1
7;191;1492;2
6;192;1963;2
3;192;1735;1
10;192;1382;3
2;192;3478;1
8;192;3533;3
11;193;1482;3
10;193;1236;3
3;193;1199;1
6;193;618;2
6;194;306;2
4;192;5486;2
7;193;1303;2
11;194;1866;3
3;194;815;1
7;194;531;2
10;194;500;3
2;193;7118;1
4;193;8236;2
9;193;4237;3
6;195;1467;2
7;195;1211;2
10;195;1736;3
11;195;2133;3
3;195;568;1
11;196;466;3
3;196;165;1
5;193;9494;2
5;194;6312;2
4;195;5630;2
6;196;274;2
5;196;371;2
8;196;720;3
10;196;639;3
7;196;1763;2
6;197;1076;2
10;197;1259;3
3;197;843;1
11;197;999;3
4;196;3539;2
2;196;2970;1
2;197;1868;1
9;197;1145;3
7;197;407;2
3;198;1099;1
4;198;1582;2
4;199;324;2
2;198;131;1
5;198;365;2
7;198;4218;2
11;198;5307;3
6;198;3363;2
10;198;3675;3
3;199;96;1
7;199;239;2
11;199;539;3
2;199;156;1
2;200;95;1
3;200;1855;1
11;200;899;3
7;200;2011;2
6;200;2089;2
10;200;2423;3
7;201;611;2
3;201;27;1
6;201;240;2
8;198;11707;3
11;201;3801;3
10;201;4039;3
7;202;741;2
3;202;577;1
10;202;654;3
6;202;462;2
11;202;611;3
9;198;15585;3
9;199;15083;3
5;201;4136;2
6;203;423;2
3;203;179;1
9;202;3569;3
7;203;333;2
4;203;2655;2
10;203;524;3
5;202;5754;2
9;203;2110;3
5;203;1908;2
8;203;1639;3
2;204;914;1
5;204;593;2
9;204;727;3
11;203;4940;3
11;204;3602;3
8;204;1743;3
2;205;667;1
4;205;925;2
5;205;727;2
3;204;5402;1
6;205;1875;2
8;205;1583;3
9;205;1629;3
4;206;655;2
9;206;746;3
8;206;646;3
10;205;4573;3
11;205;4421;3
3;205;4560;1
3;206;1489;1
10;206;1096;3
7;206;1236;2
11;207;1184;3
10;207;774;3
6;207;855;2
3;207;565;1
2;206;4348;1
5;206;3417;2
9;207;2028;3
8;207;803;3
7;207;325;2
5;207;476;2
8;208;607;3
2;208;2769;1
4;208;1622;2
9;208;1810;3
4;209;1915;2
8;209;953;3
10;208;5418;3
6;208;5265;2
7;208;6040;2
6;209;2849;2
3;209;2465;1
7;210;1006;2
10;210;505;3
6;210;366;2
3;210;603;1
11;210;1749;3
2;209;5770;1
9;209;5625;3
5;208;9774;2
10;211;479;3
7;211;489;2
8;211;1620;3
5;211;1233;2
4;211;1189;2
2;211;1169;1
9;211;1352;3
8;212;1103;3
2;212;500;1
3;211;4515;1
6;211;3724;2
11;211;3959;3
6;212;387;2
10;212;493;3
5;212;2366;2
10;213;540;3
11;213;587;3
9;212;3929;3
6;213;300;2
7;213;3295;2
3;213;2922;1
6;214;2386;2
2;213;4005;1
5;213;5200;2
9;213;6966;3
4;214;1262;2
2;214;1386;1
8;215;794;3
3;214;3112;1
11;214;3429;3
4;215;1775;2
5;215;1530;2
9;215;1474;3
2;215;848;1
9;216;1040;3
2;216;484;1
7;215;5260;2
10;215;4129;3
11;215;3144;3
7;216;681;2
6;216;533;2
3;216;539;1
2;217;110;1
7;217;390;2
8;216;2604;3
4;216;2537;2
11;216;2998;3
9;217;545;3
10;216;5416;3
6;217;2560;2
10;217;4403;3
8;217;3849;3
5;216;7065;2
4;217;3195;2
5;218;1178;2
6;218;391;2
9;218;1549;3
4;218;1338;2
8;218;1357;3
10;218;2721;3
3;218;1757;1
2;219;2991;1
4;219;2739;2
5;219;2736;2
8;220;1225;3
7;218;6447;2
11;219;5778;3
6;219;5414;2
3;220;561;1
7;220;531;2
6;220;421;2
4;220;503;2
2;220;418;1
10;221;811;3
3;221;204;1
2;221;13;1
5;220;2244;2
5;221;3354;2
9;220;5001;3
8;221;4703;3
4;221;2014;2
4;222;1163;2
2;222;1220;1
5;222;805;2
8;222;521;3
6;221;6376;2
9;222;1556;3
11;221;5903;3
10;222;3086;3
11;222;2195;3
9;223;1591;3
5;223;1551;2
2;223;1749;1
4;223;1085;2
10;223;3300;3
3;223;2375;1
6;223;2661;2
7;223;1583;2
6;224;1814;2
10;224;1759;3
11;224;617;3
7;224;521;2
8;223;3474;3
5;224;1964;2
2;224;1436;1
8;224;968;3
11;225;1615;3
6;225;1463;2
3;225;441;1
10;225;1014;3
7;225;766;2
6;226;300;2
2;225;4092;1
4;225;4123;2
5;225;4072;2
10;226;473;3
5;226;2787;2
4;226;3003;2
8;226;1714;3
9;226;1615;3
2;226;1254;1
11;226;3939;3
3;226;3208;1
3;227;2331;1
5;227;321;2
7;227;2150;2
11;227;2724;3
6;227;663;2
4;227;395;2
10;227;556;3
8;227;2944;3
11;228;1596;3
6;228;1737;2
3;228;1762;1
7;228;1132;2
2;228;3106;1
4;228;4776;2
9;227;7983;3
8;228;1882;3
2;229;1088;1
10;228;3723;3
3;229;2899;1
7;229;1879;2
4;229;401;2
9;229;2392;3
8;229;2421;3
5;230;2167;2
4;230;751;2
8;230;1543;3
9;230;1835;3
3;230;3975;1
6;230;2534;2
2;230;1975;1
4;231;1076;2
2;231;405;1
5;231;1569;2
8;231;2152;3
9;231;2262;3
10;230;9771;3
9;232;1716;3
5;232;1020;2
2;232;1114;1
4;232;1271;2
8;232;1228;3
2;233;685;1
9;233;1016;3
5;233;963;2
4;233;1091;2
8;233;656;3
7;231;10271;2
3;231;10397;1
3;233;3316;1
11;233;785;3
10;233;843;3
5;234;1703;2
8;234;935;3
2;234;415;1
4;234;747;2
11;234;4655;3
9;234;1738;3
2;235;1580;1
9;235;2013;3
10;234;6381;3
3;234;4776;1
3;235;1248;1
4;235;272;2
8;235;592;3
10;235;3610;3
7;235;4023;2
11;236;2180;3
3;236;308;1
3;237;172;1
10;236;1553;3
6;236;1827;2
4;236;4343;2
9;236;4450;3
5;236;4124;2
6;237;2002;2
7;236;4270;2
11;237;3186;3
7;237;1519;2
10;237;1060;3
6;238;1206;2
3;238;277;1
7;238;467;2
2;237;3564;1
9;237;4327;3
11;238;2181;3
10;238;2020;3
3;239;1645;1
11;239;613;3
10;239;578;3
8;237;7703;3
6;239;1902;2
9;238;6234;3
4;238;5720;2
9;239;3026;3
4;240;778;2
5;240;290;2
9;240;1594;3
2;240;497;1
3;240;2227;1
7;239;4253;2
7;240;2961;2
6;241;632;2
3;241;199;1
2;241;1224;1
9;241;2959;3
8;241;2679;3
4;241;2222;2
5;241;2762;2
5;242;866;2
8;242;629;3
11;241;4727;3
7;241;3462;2
10;241;3220;3
2;242;146;1
9;242;1845;3
4;242;1417;2
3;242;2200;1
11;242;2652;3
6;242;2718;2
8;243;1631;3
9;243;1827;3
5;243;268;2
10;243;633;3
3;243;473;1
4;243;278;2
2;243;311;1
5;244;313;2
3;244;229;1
4;244;506;2
7;243;3958;2
8;244;1566;3
2;244;1114;1
9;244;1951;3
8;245;1506;3
7;244;4534;2
5;245;1510;2
4;245;772;2
9;245;1241;3
2;245;435;1
6;243;10050;2
9;246;1939;3
2;246;1601;1
8;246;1272;3
4;246;949;2
5;246;880;2
10;244;11392;3
11;245;6407;3
11;246;2944;3
7;246;998;2
11;247;1511;3
6;247;1231;2
7;247;1457;2
3;248;251;1
10;247;1115;3
6;248;564;2
7;248;668;2
10;248;883;3
11;248;911;3
2;247;6427;1
4;247;6646;2
8;248;2579;3
9;248;1471;3
10;249;1803;3
6;249;2114;2
3;249;1668;1
7;249;1361;2
11;249;1412;3
5;248;6166;2
5;249;4554;2
2;249;4073;1
8;250;737;3
9;250;879;3
2;250;237;1
11;250;2370;3
10;250;2426;3
3;250;1063;1
6;250;1784;2
3;251;892;1
10;251;1328;3
7;250;5264;2
4;250;4056;2
5;250;4690;2
8;251;3987;3
7;251;2356;2
6;251;3470;2
11;251;3859;3
6;252;1306;2
7;252;1205;2
3;253;289;1
7;253;393;2
10;253;564;3
4;252;5047;2
5;252;4887;2
9;252;4811;3
4;253;1763;2
9;253;2378;3
8;253;2317;3
11;253;2628;3
6;253;2526;2
5;254;2049;2
4;254;1508;2
9;254;2233;3
8;254;2444;3
2;254;464;1
2;255;454;1
4;255;319;2
9;255;585;3
7;254;4973;2
6;254;4862;2
3;254;4885;1
8;255;555;3
7;255;2585;2
3;255;452;1
5;255;295;2
11;255;3744;3
3;128;277;1
10;255;5372;3
6;128;1072;2
7;128;418;2
4;128;2741;2
10;128;2336;3
11;128;2240;3
6;129;1840;2
11;129;1162;3
10;129;524;3
9;128;5425;3
2;128;4111;1
5;128;4104;2
8;129;851;3
9;129;2128;3
5;129;1052;2
3;129;1977;1
4;130;2016;2
8;130;2041;3
2;130;1459;1
9;130;768;3
5;130;315;2
7;129;5164;2
11;130;4962;3
3;130;3421;1
4;131;377;2
5;131;456;2
8;131;2560;3
9;131;2608;3
2;131;1147;1
4;132;617;2
8;132;1617;3
2;132;905;1
9;132;2557;3
7;131;5866;2
11;131;6503;3
6;131;5597;2
10;132;1002;3
5;132;486;2
9;133;571;3
2;133;177;1
11;133;594;3
10;133;1621;3
3;133;1647;1
6;133;2065;2
8;133;2960;3
4;133;3862;2
8;134;3404;3
4;134;1545;2
2;134;700;1
5;133;5306;2
2;135;515;1
5;134;992;2
4;135;295;2
8;135;502;3
5;135;580;2
11;134;5297;3
7;134;5001;2
3;134;4861;1
7;135;304;2
9;135;619;3
8;136;573;3
3;136;240;1
4;136;1836;2
5;136;1612;2
9;136;1941;3
10;136;3368;3
6;136;2535;2
11;136;2763;3
11;137;799;3
6;137;291;2
7;137;1341;2
10;137;1392;3
6;138;880;2
2;137;2456;1
5;137;4635;2
4;137;5032;2
7;138;250;2
11;138;684;3
10;138;531;3
3;138;1973;1
3;139;1445;1
9;138;3197;3
2;138;2923;1
5;138;2937;2
11;139;2950;3
6;139;3222;2
10;139;1554;3
7;139;3583;2
8;139;3310;3
4;139;3058;2
2;139;2506;1
10;140;2532;3
11;140;2950;3
3;140;2757;1
3;141;325;1
9;140;4921;3
2;140;3523;1
5;140;3663;2
4;141;2079;2
5;141;1606;2
8;141;1529;3
5;142;380;2
10;141;4814;3
11;141;4391;3
6;141;4448;2
2;142;1037;1
8;142;1135;3
9;142;981;3
10;142;2630;3
6;143;2427;2
11;143;2379;3
10;143;2218;3
7;143;931;2
6;144;483;2
11;144;1067;3
10;144;951;3
3;144;252;1
2;143;6020;1
4;143;5849;2
7;144;1487;2
7;145;848;2
11;145;1317;3
3;145;1037;1
10;145;996;3
6;145;473;2
6;146;627;2
5;143;9755;2
5;144;5666;2
4;145;5888;2
4;146;1389;2
8;146;1510;3
5;146;1137;2
2;146;321;1
9;146;1176;3
2;147;457;1
3;146;4053;1
10;146;4004;3
11;146;3387;3
4;147;261;2
10;147;2473;3
11;147;2213;3
6;148;1840;2
11;148;785;3
7;148;580;2
10;148;1342;3
3;148;159;1
5;147;3576;2
9;147;3984;3
5;148;2626;2
6;149;1918;2
10;149;1691;3
11;149;1928;3
7;149;2596;2
3;149;448;1
4;148;7307;2
9;148;7612;3
11;150;1782;3
3;150;1533;1
6;150;2381;2
10;150;837;3
3;151;382;1
11;151;605;3
8;148;9160;3
8;150;5002;3
2;150;4553;1
4;151;355;2
6;151;240;2
10;151;633;3
9;151;593;3
2;151;295;1
7;151;4072;2
7;152;3236;2
3;152;2872;1
6;153;345;2
8;151;5672;3
11;153;1877;3
3;153;982;1
2;152;6838;1
9;152;7061;3
5;153;2358;2
10;153;683;3
6;154;2153;2
3;154;1532;1
11;154;2996;3
10;154;2843;3
7;153;3031;2
7;154;302;2
9;153;4056;3
9;154;3943;3
3;155;1223;1
10;155;1062;3
2;154;5483;1
5;154;4669;2
5;155;4461;2
4;155;1857;2
5;156;753;2
9;156;877;3
8;156;479;3
6;155;5184;2
7;155;6434;2
11;155;6367;3
7;156;2788;2
6;156;3006;2
11;156;2539;3
10;156;2886;3
11;157;619;3
3;157;605;1
10;157;867;3
6;157;903;2
7;157;398;2
4;156;5314;2
2;156;4864;1
5;157;3926;2
9;158;576;3
3;158;221;1
8;158;585;3
10;158;1681;3
7;158;1632;2
6;158;1768;2
11;158;1308;3
5;158;3340;2
2;158;1907;1
4;158;2149;2
5;159;268;2
3;159;246;1
11;159;2097;3
8;159;531;3
7;159;1623;2
6;159;451;2
9;159;1678;3
10;159;1742;3
3;160;3343;1
7;160;1976;2
10;160;2188;3
11;161;1070;3
3;161;255;1
9;160;4656;3
5;160;5652;2
4;160;4111;2
2;161;1822;1
9;161;1491;3
7;161;2846;2
6;161;2846;2
10;161;1063;3
11;162;1196;3
3;162;1165;1
7;162;1625;2
10;162;1689;3
6;162;807;2
6;163;422;2
11;163;491;3
2;162;3607;1
4;162;3913;2
5;162;3596;2
5;163;453;2
10;163;528;3
3;163;1150;1
7;163;1642;2
9;163;2528;3
4;163;2147;2
2;163;1876;1
10;164;1654;3
7;164;1350;2
3;164;1362;1
11;164;1549;3
6;164;1074;2
3;165;578;1
10;165;1237;3
8;164;4953;3
2;164;4559;1
5;164;4777;2
7;165;325;2
2;165;169;1
8;165;637;3
6;165;491;2
11;165;1849;3
11;166;1211;3
7;166;515;2
5;165;2430;2
4;165;2406;2
9;165;3756;3
5;166;1949;2
8;166;2392;3
9;166;597;3
2;166;711;1
4;166;1078;2
2;167;347;1
10;166;5023;3
8;167;1882;3
4;167;959;2
5;167;866;2
9;167;923;3
4;168;873;2
2;168;500;1
3;166;7375;1
6;166;7456;2
3;167;3428;1
6;168;812;2
11;168;835;3
11;169;520;3
7;168;332;2
5;168;1607;2
2;169;374;1
9;168;2604;3
8;168;1659;3
3;169;1943;1
10;169;1691;3
6;169;1106;2
7;169;426;2
3;170;195;1
11;170;542;3
6;170;565;2
10;170;899;3
8;169;7165;3
9;169;5457;3
4;169;4997;2
7;170;422;2
6;171;435;2
10;171;1672;3
3;171;1572;1
11;171;1462;3
6;172;1409;2
7;172;1095;2
10;172;472;3
11;172;572;3
3;172;466;1
2;171;4573;1
5;171;6972;2
4;171;7287;2
5;172;881;2
8;172;1089;3
4;173;335;2
2;173;1280;1
3;173;1420;1
5;173;1840;2
9;173;2804;3
8;173;2814;3
10;173;2123;3
6;173;1717;2
8;174;486;3
11;173;1820;3
6;174;1968;2
7;173;4422;2
10;174;1211;3
11;174;523;3
4;174;2684;2
9;174;3095;3
2;174;1641;1
5;174;1786;2
3;174;2383;1
7;174;2206;2
3;175;1714;1
6;175;555;2
4;175;2132;2
2;175;1438;1
5;175;2779;2
9;176;1395;3
4;176;300;2
8;176;671;3
10;175;4740;3
11;175;4512;3
2;176;2267;1
5;176;2940;2
8;177;1788;3
5;177;1113;2
9;177;1292;3
4;177;403;2
3;176;5549;1
7;176;5740;2
3;178;3256;1
10;178;3277;3
11;178;3009;3
7;178;1497;2
10;179;585;3
6;179;323;2
4;178;6292;2
5;178;5188;2
8;178;6338;3
5;179;1380;2
9;180;1116;3
4;180;1482;2
2;180;649;1
5;180;328;2
7;179;4150;2
11;179;4425;3
8;180;1646;3
3;179;5415;1
8;181;1941;3
9;181;1146;3
4;181;1086;2
6;180;4244;2
6;181;5383;2
10;181;4084;3
5;181;2665;2
2;181;3549;1
9;182;3657;3
4;182;2541;2
8;182;1117;3
2;182;875;1
9;183;838;3
8;183;559;3
4;183;579;2
2;183;467;1
5;183;294;2
11;182;9298;3
6;182;8566;2
11;183;4377;3
10;184;2193;3
6;185;297;2
7;184;721;2
11;185;971;3
10;185;966;3
3;185;682;1
7;185;309;2
6;186;304;2
2;184;6993;1
4;184;6143;2
2;185;2169;1
4;186;942;2
7;186;398;2
11;186;1632;3
8;186;1777;3
10;186;509;3
3;186;404;1
7;187;380;2
3;187;1079;1
5;186;3078;2
9;186;3720;3
6;187;1644;2
11;187;2285;3
7;188;915;2
11;188;1160;3
10;187;3336;3
6;188;725;2
10;188;859;3
3;188;1020;1
3;189;160;1
2;187;5790;1
9;187;6122;3
8;188;2589;3
9;189;2472;3
4;189;2395;2
8;189;777;3
8;190;699;3
7;189;3848;2
2;190;1793;1
4;190;1169;2
9;190;1542;3
5;190;348;2
11;189;6188;3
6;189;5797;2
6;190;6192;2
11;191;1617;3
7;191;1164;2
6;191;924;2
10;191;775;3
6;192;284;2
10;192;572;3
7;192;362;2
4;191;5097;2
5;191;4148;2
2;191;3969;1
9;192;1776;3
8;192;1161;3
3;192;3269;1
11;192;3429;3
3;193;2669;1
7;193;2655;2
6;193;421;2
10;193;581;3
2;193;3691;1
4;193;5109;2
8;193;5423;3
8;194;2959;3
5;193;6262;2
5;194;3749;2
2;195;416;1
10;194;4898;3
6;194;4073;2
3;194;3930;1
7;195;956;2
5;195;380;2
4;195;492;2
11;195;701;3
6;196;244;2
8;195;3378;3
4;196;703;2
2;196;472;1
8;196;2337;3
9;195;4317;3
11;196;592;3
3;196;1945;1
10;196;2567;3
10;197;1735;3
7;196;3428;2
6;197;1668;2
3;197;49;1
5;196;4957;2
9;196;4990;3
4;197;2062;2
11;197;1950;3
11;198;2133;3
6;198;1968;2
7;197;3690;2
3;198;1018;1
10;198;762;3
5;197;4965;2
5;198;3868;2
4;198;5396;2
2;199;611;1
4;199;500;2
6;199;245;2
3;199;243;1
8;199;622;3
5;199;2163;2
9;199;1993;3
2;200;500;1
11;199;3196;3
10;199;3146;3
4;200;1290;2
5;200;1603;2
8;200;1888;3
9;200;796;3
4;201;504;2
9;201;746;3
7;199;6454;2
10;200;4784;3
11;200;3697;3
3;201;544;1
10;201;638;3
5;201;1732;2
2;201;1020;1
8;201;1144;3
8;202;1050;3
2;202;187;1
7;201;3432;2
9;202;1584;3
5;202;1090;2
4;202;1253;2
7;202;3940;2
10;202;3488;3
3;202;2508;1
4;203;281;2
5;203;411;2
2;203;476;1
8;203;600;3
7;203;328;2
3;203;149;1
6;203;403;2
10;203;462;3
9;203;535;3
9;204;506;3
8;204;705;3
4;204;532;2
2;204;1660;1
5;204;1698;2
4;205;757;2
8;205;800;3
7;204;3120;2
11;204;5679;3
6;204;5225;2
10;205;3444;3
11;205;1395;3
5;205;3954;2
2;205;3879;1
9;205;5993;3
5;206;2322;2
8;206;2420;3
6;206;2642;2
3;206;3466;1
7;206;3333;2
11;206;4287;3
11;207;1034;3
3;207;309;1
7;207;2027;2
6;207;2593;2
10;207;2280;3
10;208;572;3
11;208;933;3
3;208;488;1
9;207;7303;3
2;207;5442;1
8;207;9055;3
4;209;1592;2
9;209;827;3
8;209;802;3
7;208;4441;2
6;208;4684;2
2;209;1139;1
3;209;4020;1
7;209;797;2
7;210;468;2
4;210;354;2
8;210;666;3
9;210;1253;3
2;210;866;1
5;210;801;2
4;211;566;2
5;211;728;2
8;211;522;3
9;211;716;3
3;210;3951;1
2;211;1266;1
11;210;5790;3
6;210;5432;2
7;211;1021;2
2;212;170;1
3;212;35;1
11;212;649;3
8;212;2807;3
9;212;2220;3
4;212;2082;2
4;213;430;2
10;212;2990;3
5;212;5352;2
5;213;3031;2
2;213;2024;1
8;213;1836;3
9;213;1331;3
7;212;6259;2
3;213;3659;1
11;213;5849;3
6;214;616;2
10;214;2852;3
6;215;621;2
7;214;681;2
10;215;691;3
11;215;476;3
3;215;94;1
5;214;5350;2
2;214;4909;1
9;215;7684;3
8;215;7643;3
5;216;4376;2
2;217;801;1
5;217;703;2
4;217;484;2
9;217;1091;3
9;218;619;3
3;216;9565;1
8;218;1608;3
4;218;1866;2
2;218;1239;1
6;216;11557;2
7;217;7091;2
3;218;1959;1
7;218;733;2
3;219;68;1
7;219;422;2
9;219;506;3
6;219;487;2
8;219;603;3
4;219;752;2
2;219;76;1
11;219;2253;3
10;219;2608;3
2;220;24;1
4;220;1975;2
3;220;64;1
8;220;1077;3
9;220;1024;3
5;219;2964;2
5;220;1539;2
10;220;1973;3
6;220;1412;2
11;220;1186;3
4;221;496;2
7;220;3914;2
2;221;1571;1
5;221;372;2
3;221;147;1
7;221;3030;2
6;221;3550;2
11;221;2775;3
11;222;1312;3
3;222;572;1
7;222;1088;2
6;222;247;2
10;222;696;3
9;221;4841;3
8;221;4779;3
4;222;5771;2
2;223;2032;1
5;223;2881;2
9;223;1733;3
8;223;668;3
6;223;4169;2
3;223;1894;1
8;224;2257;3
9;224;2090;3
5;224;2143;2
4;224;1196;2
4;225;524;2
9;225;549;3
8;225;604;3
10;223;6886;3
7;224;5285;2
10;224;4996;3
5;225;1399;2
2;225;1345;1
6;225;2881;2
11;225;2726;3
4;226;1307;2
8;226;1746;3
5;226;1368;2
9;226;1336;3
2;226;176;1
7;225;6073;2
6;226;3642;2
7;226;3489;2
4;227;273;2
8;227;597;3
10;227;624;3
3;227;1553;1
6;227;2112;2
11;227;2079;3
11;228;506;3
9;227;4548;3
5;227;3471;2
3;228;1942;1
7;228;2634;2
10;228;2109;3
10;229;2859;3
6;229;2613;2
3;229;1567;1
7;229;1959;2
3;230;205;1
5;228;6639;2
4;228;7128;2
4;229;3369;2
4;230;960;2
5;230;1274;2
8;230;1019;3
6;230;2697;2
11;230;1839;3
10;230;1897;3
3;231;455;1
2;231;258;1
7;231;425;2
11;231;466;3
4;231;344;2
8;231;580;3
6;231;3012;2
7;232;1415;2
3;232;1321;1
9;231;4010;3
5;231;4740;2
5;232;4026;2
9;232;2436;3
8;233;1057;3
5;233;578;2
2;233;526;1
10;232;3898;3
3;233;3153;1
6;233;5084;2
11;233;3137;3
10;233;1843;3
7;234;1303;2
9;233;3927;3
4;234;3755;2
8;234;4224;3
5;234;1192;2
2;234;788;1
6;234;2574;2
11;234;2896;3
2;235;1044;1
3;234;4034;1
9;235;2604;3
4;235;2526;2
8;235;1851;3
4;236;1294;2
8;236;1468;3
5;235;4208;2
9;236;1186;3
2;236;497;1
5;236;296;2
11;235;6177;3
3;235;5736;1
10;235;5116;3
6;236;940;2
4;237;381;2
2;237;90;1
7;237;339;2
3;237;277;1
6;237;540;2
9;237;2601;3
8;237;2536;3
5;237;1644;2
11;237;3853;3
5;238;1277;2
4;238;2204;2
9;238;2711;3
8;238;1767;3
2;239;895;1
8;239;659;3
10;237;6644;3
11;238;6729;3
6;238;5711;2
6;239;3205;2
10;239;2827;3
7;240;1437;2
11;240;876;3
6;240;343;2
10;240;900;3
11;241;571;3
5;239;6692;2
4;239;6542;2
7;241;1824;2
3;241;2085;1
6;241;2222;2
9;239;9887;3
8;241;4513;3
4;241;3981;2
6;242;373;2
7;242;306;2
5;242;401;2
2;242;466;1
3;242;176;1
8;242;717;3
9;242;5245;3
2;243;2127;1
4;243;2577;2
8;243;697;3
4;244;412;2
6;243;4239;2
3;243;3836;1
7;243;4370;2
10;242;7462;3
10;244;1342;3
3;244;417;1
7;244;456;2
8;244;3942;3
9;244;3567;3
2;244;3371;1
5;244;2961;2
9;245;1759;3
4;245;519;2
8;245;921;3
2;245;252;1
11;245;4760;3
3;245;3903;1
5;246;1313;2
8;246;1752;3
4;246;1077;2
9;246;749;3
2;246;200;1
2;247;398;1
4;247;484;2
9;247;709;3
7;245;9987;2
3;246;7032;1
11;246;7709;3
10;247;1697;3
8;247;2670;3
5;247;1371;2
4;248;1823;2
3;248;100;1
11;248;1472;3
7;248;1031;2
10;248;944;3
3;249;550;1
9;248;3946;3
5;248;5853;2
2;248;3107;1
4;249;388;2
2;249;461;1
11;249;1689;3
6;249;935;2
10;249;957;3
6;250;2464;2
7;249;5200;2
3;250;2216;1
10;250;1260;3
11;250;1088;3
3;251;216;1
5;249;5376;2
9;249;5869;3
8;250;2894;3
7;251;1853;2
6;251;1885;2
10;251;1401;3
11;251;1451;3
3;252;34;1
6;252;708;2
8;251;4661;3
4;251;4175;2
11;252;2943;3
10;252;2846;3
7;252;1242;2
3;253;108;1
10;253;929;3
6;253;675;2
7;253;646;2
11;253;915;3
7;254;319;2
2;251;10487;1
11;254;1796;3
3;254;471;1
10;254;1244;3
6;254;1311;2
2;252;10393;1
5;252;12623;2
8;254;5897;3
9;255;2891;3
2;255;913;1
8;255;1069;3
10;255;3750;3
11;255;5443;3
6;255;4741;2
6;128;3117;2
7;128;862;2
6;129;361;2
2;128;4190;1
11;129;1587;3
5;128;5224;2
9;128;6715;3
4;129;3246;2
9;129;2863;3
8;129;3354;3
8;130;882;3
2;130;559;1
5;130;455;2
10;129;4007;3
3;129;3293;1
3;130;2900;1
11;130;1088;3
9;130;512;3
7;131;298;2
11;131;1812;3
6;131;1548;2
3;131;1326;1
4;131;3752;2
9;131;3018;3
8;131;1558;3
11;132;456;3
6;132;270;2
5;132;2048;2
8;132;2639;3
9;132;1728;3
3;132;133;1
10;132;1667;3
4;132;1715;2
2;132;1115;1
8;133;2885;3
4;133;2985;2
5;133;2119;2
9;133;1489;3
2;133;612;1
5;134;297;2
7;132;5592;2
6;133;5787;2
10;133;5310;3
11;134;1028;3
10;134;1622;3
3;134;1570;1
7;134;994;2
6;135;415;2
4;134;2658;2
2;134;1833;1
8;134;4949;3
4;135;2484;2
2;135;1314;1
9;135;878;3
8;135;832;3
3;135;4019;1
7;135;4200;2
11;135;2875;3
10;136;449;3
2;136;245;1
11;136;682;3
5;136;4078;2
9;136;4509;3
8;136;3538;3
4;137;990;2
9;137;811;3
8;137;776;3
3;136;4006;1
3;137;161;1
5;137;472;2
2;137;245;1
2;138;108;1
3;138;1785;1
5;138;2802;2
7;137;5841;2
7;138;3567;2
3;139;1893;1
10;137;9107;3
10;139;1581;3
6;139;786;2
9;138;5930;3
8;138;5071;3
8;139;2740;3
5;139;3473;2
9;140;630;3
2;140;473;1
5;140;605;2
4;140;1479;2
3;140;1389;1
7;140;1782;2
11;140;2292;3
10;140;2178;3
6;140;2961;2
7;141;1901;2
11;141;2988;3
6;141;294;2
8;140;3923;3
8;141;3258;3
4;141;3240;2
6;142;394;2
4;142;1451;2
9;142;1786;3
2;142;625;1
5;142;634;2
8;142;714;3
4;143;804;2
8;143;691;3
2;143;739;1
9;143;531;3
11;142;6729;3
3;142;6349;1
5;143;2546;2
4;144;1841;2
9;144;2170;3
2;144;287;1
8;144;918;3
10;142;9282;3
6;144;4067;2
3;144;2518;1
11;144;1018;3
10;145;2160;3
11;145;722;3
3;145;926;1
6;145;665;2
2;145;2904;1
9;145;3306;3
4;145;6056;2
9;146;3156;3
4;146;2494;2
8;146;909;3
8;147;620;3
5;147;647;2
6;146;5800;2
11;146;5147;3
10;147;2136;3
7;147;2036;2
3;147;669;1
4;147;364;2
2;147;453;1
6;147;2205;2
3;148;932;1
10;148;1001;3
6;148;935;2
11;148;703;3
7;148;682;2
3;149;230;1
6;149;914;2
2;148;4234;1
5;148;4313;2
10;149;1898;3
11;149;1214;3
7;149;816;2
9;149;4064;3
4;149;3042;2
2;149;2115;1
8;150;708;3
3;150;111;1
11;150;571;3
9;150;627;3
6;150;436;2
10;150;636;3
4;150;306;2
2;150;256;1
2;151;1569;1
9;151;2062;3
4;151;737;2
8;151;654;3
7;150;3744;2
5;151;2522;2
9;152;2060;3
2;152;1943;1
11;151;6537;3
3;151;5485;1
7;151;4671;2
7;152;1799;2
3;153;1847;1
11;153;652;3
5;152;4562;2
6;153;3040;2
7;153;3290;2
10;153;1634;3
3;154;288;1
7;154;983;2
6;154;964;2
11;154;1309;3
11;155;851;3
3;155;439;1
4;152;11087;2
4;153;9432;2
8;154;5005;3
5;155;1847;2
6;155;2279;2
7;155;494;2
10;155;1617;3
6;156;1353;2
10;156;704;3
8;155;2749;3
4;156;2013;2
5;156;1235;2
9;156;1556;3
2;156;1083;1
8;156;1940;3
4;157;1430;2
5;157;1280;2
8;157;1496;3
2;157;695;1
9;157;525;3
7;156;5057;2
3;156;4995;1
11;156;5199;3
4;158;392;2
5;158;486;2
9;158;1738;3
8;158;1940;3
6;158;2217;2
2;158;647;1
3;158;3012;1
10;158;4243;3
7;158;2905;2
10;159;2038;3
3;159;226;1
7;159;957;2
6;159;692;2
11;159;1060;3
11;160;736;3
6;160;591;2
3;160;130;1
4;159;5872;2
10;160;4427;3
7;160;2955;2
6;161;1205;2
3;161;806;1
8;159;9957;3
5;159;9174;2
4;160;3688;2
11;161;529;3
2;161;176;1
10;161;514;3
3;162;252;1
5;161;1547;2
8;161;2255;3
9;161;1936;3
4;162;3196;2
5;162;2224;2
8;162;2353;3
2;162;1598;1
2;163;771;1
4;163;1522;2
9;163;921;3
6;162;5030;2
11;162;5976;3
11;163;4441;3
2;164;1278;1
11;164;1888;3
6;164;1398;2
5;163;2834;2
5;164;1699;2
8;163;3775;3
9;164;2675;3
10;164;699;3
4;164;1653;2
8;164;2233;3
8;165;887;3
7;164;2575;2
3;164;4410;1
3;165;3530;1
10;165;3089;3
6;166;1110;2
4;165;3592;2
9;165;3568;3
2;165;2685;1
9;166;742;3
8;166;518;3
2;166;1592;1
5;166;1248;2
4;167;1283;2
5;167;631;2
10;166;5471;3
11;166;5744;3
7;166;2314;2
10;167;753;3
9;167;1757;3
8;167;1414;3
2;167;1166;1
11;167;3086;3
7;167;2903;2
7;168;442;2
3;168;145;1
6;168;280;2
11;168;2219;3
10;168;1415;3
11;169;1226;3
10;169;840;3
4;168;3383;2
6;169;1783;2
3;169;1977;1
6;170;614;2
7;169;998;2
2;168;6724;1
8;168;6896;3
4;169;4370;2
3;170;1189;1
7;170;2977;2
10;170;3393;3
11;170;1791;3
5;170;2709;2
4;170;2503;2
8;170;3441;3
8;171;2344;3
4;171;2152;2
5;171;1047;2
4;172;402;2
6;171;3492;2
3;171;2427;1
7;171;1882;2
6;172;428;2
3;172;251;1
11;172;463;3
9;172;674;3
8;172;581;3
5;172;342;2
2;172;44;1
2;173;223;1
9;173;634;3
10;172;2894;3
10;173;1423;3
11;173;954;3
7;172;3661;2
6;173;356;2
3;173;1709;1
7;173;1782;2
6;174;1302;2
11;174;455;3
7;174;300;2
3;174;580;1
10;174;1086;3
6;175;886;2
3;175;477;1
5;173;6882;2
4;173;7030;2
8;173;5964;3
5;175;687;2
8;175;683;3
2;175;303;1
11;175;1504;3
10;175;2089;3
7;175;1387;2
11;176;1312;3
9;175;3708;3
4;175;3569;2
3;176;1078;1
7;176;3030;2
6;176;3552;2
11;177;938;3
6;177;657;2
7;177;482;2
4;176;5336;2
2;176;3893;1
3;177;1286;1
10;177;1314;3
3;178;22;1
5;176;7575;2
4;177;2456;2
8;177;2726;3
2;178;1221;1
8;178;1924;3
4;178;1576;2
9;178;1567;3
5;178;1373;2
2;179;147;1
11;178;4202;3
6;178;3352;2
5;179;1581;2
8;179;2174;3
9;179;2427;3
2;180;90;1
7;178;5897;2
3;179;3125;1
7;179;3757;2
11;179;5245;3
10;180;1936;3
11;181;1401;3
6;181;1231;2
4;180;4909;2
5;180;4374;2
8;180;5314;3
2;181;1495;1
5;181;1423;2
4;181;1195;2
9;181;943;3
9;182;926;3
2;182;573;1
7;180;6878;2
7;181;4329;2
3;181;4233;1
6;182;1821;2
7;182;1300;2
4;182;2334;2
5;182;2432;2
8;182;2563;3
5;183;349;2
6;183;280;2
11;183;3456;3
3;183;3336;1
10;183;2920;3
9;183;4695;3
8;183;5610;3
4;183;5781;2
8;184;2383;3
2;184;1017;1
8;185;1207;3
2;185;531;1
5;185;617;2
9;185;943;3
4;185;961;2
10;184;6980;3
6;184;7038;2
11;185;2485;3
5;186;331;2
11;186;546;3
4;186;1355;2
2;186;1883;1
8;186;1883;3
4;187;796;2
3;186;3053;1
6;186;3495;2
7;186;3962;2
6;187;1633;2
10;187;1646;3
7;187;1178;2
11;188;1237;3
10;188;1219;3
2;187;4076;1
8;187;5701;3
5;188;3793;2
9;188;4464;3
6;188;3244;2
3;188;2899;1
3;189;2889;1
11;189;2670;3
6;189;1406;2
10;189;1886;3
11;190;814;3
2;189;4171;1
5;189;7589;2
9;189;8165;3
6;190;2477;2
3;191;1108;1
7;190;2290;2
5;190;3453;2
5;191;3617;2
4;191;4569;2
2;191;1483;1
9;191;2416;3
8;191;2242;3
5;192;1688;2
8;192;803;3
4;192;483;2
9;192;627;3
2;192;471;1
9;193;578;3
10;191;8907;3
7;191;7947;2
4;193;1664;2
2;193;1727;1
5;193;1780;2
2;194;284;1
9;194;558;3
7;192;7597;2
11;193;3217;3
6;194;2864;2
7;194;2995;2
10;193;4832;3
10;194;1268;3
3;195;254;1
4;194;3711;2
5;194;4784;2
8;194;4231;3
2;195;2024;1
7;195;2387;2
6;195;2931;2
10;195;2865;3
6;196;1382;2
3;196;981;1
10;196;1914;3
11;196;776;3
7;196;2491;2
5;195;4040;2
3;197;1159;1
11;197;976;3
9;196;5889;3
5;196;6754;2
2;197;4058;1
8;197;3134;3
4;197;2859;2
5;197;3874;2
6;197;4269;2
10;197;4106;3
7;197;4287;2
5;198;3107;2
2;198;1568;1
4;198;4167;2
8;198;1641;3
9;199;1179;3
8;199;669;3
10;198;5573;3
6;198;5685;2
5;199;1332;2
2;199;1707;1
2;200;587;1
9;200;1039;3
8;200;655;3
4;200;924;2
5;200;436;2
4;201;497;2
8;201;756;3
2;201;580;1
9;201;1399;3
11;199;7127;3
10;199;6607;3
10;201;2199;3
7;201;661;2
11;201;461;3
3;201;156;1
5;201;296;2
6;202;365;2
10;202;1525;3
3;202;1788;1
11;202;2196;3
7;202;849;2
9;202;3751;3
5;202;3237;2
4;202;3251;2
8;202;923;3
11;203;2430;3
6;203;1863;2
3;203;1506;1
7;203;1158;2
10;203;687;3
4;203;4365;2
5;203;3987;2
2;203;3566;1
5;204;834;2
6;204;2186;2
11;204;2388;3
10;204;1797;3
3;204;1081;1
7;204;793;2
3;205;287;1
6;205;593;2
10;205;759;3
9;204;6136;3
7;205;1859;2
11;205;2360;3
3;206;2143;1
11;206;1027;3
10;206;1007;3
7;206;1323;2
6;206;971;2
4;205;6712;2
4;206;6478;2
2;206;2965;1
4;207;2308;2
11;207;2533;3
9;207;1609;3
5;207;1947;2
2;207;1413;1
8;208;1373;3
6;207;5625;2
2;208;1090;1
3;207;4979;1
7;207;4903;2
10;208;1771;3
5;208;1285;2
10;209;699;3
7;209;247;2
4;208;4489;2
2;209;445;1
9;208;4000;3
9;209;3334;3
8;209;2550;3
5;209;1595;2
2;210;596;1
4;209;2893;2
4;210;1521;2
9;210;543;3
11;209;4954;3
3;209;4440;1
11;210;4519;3
8;210;1676;3
5;210;1758;2
8;211;1729;3
4;211;1126;2
9;211;759;3
5;211;447;2
7;210;7246;2
6;211;4206;2
10;211;2987;3
2;212;1800