14;1;192;2
10;1;4114;3
13;1;1300;1
15;1;8194;2
16;1;8417;2
3;1;7799;3
8;1;17;1
7;1;1604;2
12;1;33;1
5;1;262;1
11;1;249;2
2;1;255;2
9;1;56;1
4;1;287;2
17;2;151;1
16;2;293;2
5;2;40;1
14;2;397;2
8;2;260;1
10;2;225;3
2;2;417;2
11;2;346;2
7;2;403;2
12;2;158;1
4;2;355;2
3;2;150;3
15;2;206;2
13;2;48;1
6;2;266;3
9;2;111;1
16;3;589;2
11;3;318;2
6;3;66;3
10;3;126;3
13;3;161;1
8;3;58;1
3;3;385;3
7;3;398;2
15;3;97;2
14;3;342;2
9;3;252;1
12;3;125;1
4;3;227;2
2;3;198;2
5;3;184;1
17;3;172;1
16;4;397;2
8;4;1161;1
10;4;2728;3
11;4;241;2
13;4;182;1
5;4;81;1
7;4;193;2
6;4;191;3
4;4;234;2
9;4;174;1
17;4;141;1
15;4;188;2
14;4;1661;2
2;4;245;2
3;4;204;3
12;4;122;1
3;5;85;3
17;5;121;1
12;5;139;1
6;5;145;3
16;5;243;2
11;5;399;2
7;5;204;2
10;5;185;3
2;5;333;2
4;5;300;2
5;5;249;1
14;5;1533;2
15;5;184;2
9;5;172;1
8;5;277;1
13;5;56;1
8;6;231;1
16;6;402;2
14;6;292;2
3;6;295;3
2;6;410;2
9;6;231;1
13;6;182;1
12;6;20;1
11;6;396;2
7;6;272;2
6;6;87;3
5;6;23;1
15;6;60;2
17;6;212;1
4;6;171;2
10;6;74;3
11;7;167;2
17;7;53;1
3;7;137;3
14;7;305;2
8;7;177;1
2;7;290;2
13;7;160;1
10;7;67;3
7;7;260;2
12;7;156;1
16;7;351;2
9;7;204;1
6;7;109;3
4;7;167;2
15;7;261;2
5;7;68;1
10;8;231;3
5;8;20;1
9;8;157;1
15;8;240;2
14;8;358;2
13;8;161;1
16;8;266;2
6;8;312;3
2;8;416;2
11;8;1521;2
17;8;1750;1
8;8;251;1
7;8;590;2
3;8;142;3
12;8;250;1
4;8;225;2
2;9;182;2
13;9;104;1
9;9;154;1
8;9;25;1
15;9;41;2
10;9;171;3
17;9;165;1
5;9;70;1
14;9;361;2
6;9;206;3
4;9;311;2
3;9;89;3
11;9;3075;2
16;9;3626;2
7;9;194;2
12;9;88;1
5;10;69;1
16;10;232;2
12;10;64;1
2;10;1274;2
4;10;1546;2
17;10;156;1
9;10;217;1
10;10;204;3
15;10;281;2
14;10;270;2
3;10;363;3
6;10;193;3
8;10;204;1
11;10;360;2
13;10;65;1
7;10;201;2
3;11;156;3
11;11;191;2
14;11;230;2
7;11;207;2
9;11;198;1
4;11;205;2
8;11;184;1
12;11;178;1
6;11;79;3
15;11;215;2
17;11;169;1
10;11;225;3
13;11;20;1
2;11;363;2
16;11;415;2
5;11;201;1
5;12;178;1
3;12;281;3
13;12;66;1
6;12;166;3
7;12;291;2
15;12;273;2
17;12;30;1
12;12;234;1
10;12;140;3
11;12;272;2
16;12;332;2
8;12;198;1
2;12;171;2
9;12;182;1
4;12;241;2
14;12;265;2
14;13;289;2
2;13;414;2
15;13;28;2
17;13;19;1
11;13;413;2
10;13;141;3
3;13;68;3
13;13;181;1
5;13;115;1
12;13;262;1
4;13;255;2
6;13;459;3
16;13;224;2
9;13;181;1
8;13;116;1
7;13;406;2
14;14;213;2
11;14;317;2
13;14;88;1
4;14;190;2
10;14;110;3
6;14;376;3
17;14;1566;1
5;14;2094;1
8;14;245;1
2;14;259;2
16;14;220;2
9;14;268;1
15;14;40;2
7;14;268;2
3;14;176;3
12;14;76;1
11;15;307;2
9;15;142;1
4;15;212;2
7;15;206;2
13;15;34;1
17;15;252;1
6;15;385;3
3;15;281;3
8;15;126;1
15;15;205;2
5;15;20;1
16;15;1229;2
14;15;686;2
10;15;1866;3
12;15;44;1
2;15;332;2
14;16;350;2
4;16;165;2
6;16;499;3
3;16;196;3
5;16;750;1
17;16;2040;1
12;16;171;1
11;16;1912;2
16;16;2291;2
9;16;4015;1
10;16;287;3
8;16;91;1
7;16;163;2
15;16;280;2
2;16;397;2
13;16;81;1
9;17;40;1
3;17;200;3
4;17;330;2
11;17;362;2
5;17;44;1
15;17;162;2
6;17;400;3
12;17;957;1
13;17;1209;1
8;17;93;1
10;17;84;3
2;17;289;2
14;17;373;2
7;17;270;2
17;17;102;1
16;17;189;2
4;18;172;2
6;18;514;3
13;18;121;1
17;18;120;1
16;18;199;2
7;18;294;2
12;18;247;1
15;18;135;2
8;18;169;1
11;18;337;2
3;18;272;3
14;18;417;2
2;18;384;2
5;18;127;1
10;18;139;3
9;18;62;1
9;19;191;1
13;19;144;1
2;19;229;2
3;19;200;3
6;19;580;3
16;19;391;2
8;19;60;1
11;19;167;2
14;19;336;2
15;19;259;2
12;19;174;1
7;19;311;2
17;19;159;1
5;19;166;1
4;19;1481;2
11;20;1060;2
6;20;747;3
10;19;2223;3
10;20;187;3
16;20;369;2
14;20;289;2
3;20;83;3
7;20;411;2
17;20;78;1
2;20;416;2
12;20;43;1
15;20;200;2
8;20;143;1
9;20;173;1
13;20;116;1
4;20;416;2
5;20;241;1
4;21;202;2
17;21;231;1
11;21;2021;2
7;21;2394;2
13;21;185;1
6;21;341;3
15;21;213;2
14;21;331;2
8;21;28;1
10;21;141;3
9;21;179;1
16;21;275;2
12;21;257;1
5;21;125;1
2;21;336;2
3;21;291;3
2;22;272;2
7;22;211;2
4;22;191;2
9;22;18;1
12;22;260;1
8;22;78;1
14;22;201;2
17;22;17;1
13;22;166;1
15;22;82;2
5;22;243;1
10;22;281;3
11;22;275;2
6;22;493;3
16;22;266;2
3;22;258;3
2;23;399;2
3;23;190;3
13;23;35;1
10;23;84;3
16;23;388;2
5;23;91;1
4;23;901;2
14;23;1036;2
11;23;278;2
6;23;402;3
8;23;242;1
17;23;188;1
7;23;310;2
12;23;149;1
9;23;1242;1
15;23;1470;2
16;24;182;2
11;24;364;2
6;24;442;3
3;24;113;3
7;24;391;2
5;24;32;1
13;24;41;1
9;24;78;1
12;24;172;1
17;24;183;1
8;24;94;1
2;24;391;2
4;24;369;2
14;24;251;2
15;24;191;2
10;24;275;3
5;25;171;1
11;25;407;2
16;25;191;2
12;25;175;1
4;25;266;2
7;25;325;2
14;25;269;2
8;25;66;1
6;25;410;3
9;25;17;1
13;25;181;1
10;25;180;3
17;25;225;1
15;25;181;2
3;25;204;3
2;25;230;2
4;26;249;2
5;26;212;1
13;26;149;1
17;26;132;1
7;26;306;2
6;26;551;3
8;26;354;1
11;26;352;2
12;26;86;1
16;26;311;2
14;26;223;2
3;26;301;3
10;26;125;3
15;26;458;2
9;26;38;1
2;26;365;2
16;27;1422;2
4;27;291;2
8;27;357;1
15;27;976;2
6;27;3158;3
12;27;3840;1
2;27;341;2
13;27;160;1
5;27;179;1
9;27;231;1
10;27;108;3
17;27;41;1
3;27;86;3
14;27;616;2
11;27;4931;2
3;28;370;3
13;28;215;1
7;27;6000;2
9;28;107;1
11;28;365;2
7;28;287;2
4;28;1437;2
10;28;432;3
5;28;1892;1
15;28;91;2
6;28;551;3
2;28;354;2
14;28;337;2
16;28;412;2
8;28;113;1
17;28;138;1
12;28;23;1
11;29;262;2
13;29;228;1
17;29;222;1
10;29;69;3
8;29;155;1
4;29;320;2
12;29;229;1
14;29;297;2
3;29;250;3
2;29;274;2
7;29;350;2
9;29;141;1
5;29;3383;1
6;29;4179;3
16;29;1192;2
15;29;215;2
11;30;394;2
7;30;197;2
14;30;385;2
12;30;50;1
10;30;303;3
5;30;189;1
16;30;324;2
9;30;71;1
3;30;206;3
17;30;56;1
8;30;235;1
13;30;145;1
2;30;326;2
6;30;427;3
15;30;29;2
4;30;185;2
8;31;146;1
11;31;170;2
15;31;198;2
17;31;95;1
16;31;205;2
14;31;207;2
7;31;164;2
13;31;208;1
5;31;86;1
3;31;296;3
4;31;295;2
6;31;460;3
10;31;1509;3
9;31;3140;1
3;32;558;3
2;31;6759;2
8;32;1546;1
10;32;146;3
7;32;193;2
16;32;171;2
13;32;35;1
6;32;340;3
17;32;181;1
14;32;340;2
15;32;58;2
12;32;123;2
5;32;86;1
11;32;282;2
2;32;265;2
4;32;355;2
9;32;231;1
5;33;237;1
2;33;214;2
12;33;140;2
17;33;21;1
7;33;1577;2
14;33;2282;2
6;33;1678;3
3;33;170;3
13;33;49;1
15;33;72;2
11;33;285;2
4;33;231;2
10;33;310;3
9;33;219;1
8;33;71;1
16;33;348;2
8;34;183;1
15;34;105;2
10;34;145;3
11;34;282;2
17;34;213;1
5;34;17;1
2;34;286;2
13;34;160;1
9;34;179;1
14;34;275;2
6;34;123;3
3;34;1095;3
4;34;1538;2
12;34;109;2
16;34;335;2
7;34;228;2
13;35;100;1
15;35;144;2
3;35;339;3
16;35;383;2
17;35;64;1
7;35;318;2
6;35;206;3
9;35;84;1
12;35;159;2
14;35;1204;2
11;35;1614;2
8;35;194;1
10;35;189;3
5;35;209;1
2;35;244;2
4;35;377;2
5;36;218;1
15;36;172;2
12;36;229;2
9;36;187;1
6;36;91;3
16;36;212;2
10;36;132;3
17;36;28;1
4;36;186;2
2;36;241;2
14;36;114;2
8;36;115;1
3;36;265;3
11;36;328;2
7;36;372;2
13;36;185;1
13;37;159;1
12;37;1135;2
8;37;1511;1
6;37;231;3
11;37;176;2
4;37;401;2
5;37;236;1
16;37;198;2
3;37;208;3
9;37;47;1
15;37;246;2
7;37;190;2
14;37;150;2
17;37;185;1
2;37;405;2
10;37;233;3
13;38;169;1
17;38;67;1
8;38;95;1
14;38;163;2
6;38;295;3
5;38;187;1
12;38;36;2
7;38;332;2
16;38;253;2
11;38;351;2
9;38;78;1
15;38;168;2
4;38;398;2
10;38;116;3
2;38;277;2
3;38;115;3
11;39;242;2
17;39;102;1
6;39;188;3
12;39;175;2
7;39;215;2
9;39;227;1
2;39;268;2
15;39;162;2
3;39;149;3
4;39;189;2
10;39;125;3
13;39;130;1
5;39;126;1
16;39;341;2
8;39;33;1
14;39;104;2
13;40;100;1
9;40;100;1
4;40;355;2
2;40;346;2
10;40;143;3
16;40;382;2
3;40;229;3
8;40;125;1
5;40;247;1
7;40;1518;2
11;40;456;2
12;40;3696;2
6;40;3831;3
15;40;1194;2
17;40;585;1
14;40;79;2
8;41;20;1
5;41;174;1
9;41;630;1
7;41;3297;2
3;41;4642;3
12;41;1173;2
10;41;1526;3
2;41;252;2
13;41;238;1
14;41;144;2
4;41;230;2
17;41;22;1
11;41;274;2
6;41;99;3
16;41;233;2
15;41;215;2
12;42;241;2
3;42;108;3
6;42;197;3
15;42;224;2
14;42;52;2
9;42;162;1
11;42;237;2
4;42;309;2
5;42;86;1
8;42;257;1
10;42;380;3
7;42;395;2
16;42;377;2
17;42;41;1
2;42;275;2
13;42;156;1
8;43;174;1
9;43;217;1
15;43;85;2
2;43;1217;2
10;43;1690;3
16;43;380;2
11;43;339;2
12;43;277;2
5;43;236;1
17;43;2937;1
6;43;739;3
13;43;3359;1
14;43;122;2
7;43;181;2
3;43;112;3
4;43;158;2
6;44;325;3
16;44;217;2
9;44;196;1
2;44;623;2
5;44;4230;1
17;44;4508;1
3;44;5744;3
14;44;3885;2
11;44;2712;2
7;44;1328;2
10;44;295;3
8;44;139;1
12;44;266;2
13;44;120;1
4;44;482;2
15;44;211;2
6;45;315;3
15;45;220;2
12;45;35;2
2;45;175;2
14;45;129;2
16;45;408;2
10;45;263;3
7;45;397;2
17;45;21;1
11;45;257;2
13;45;246;1
9;45;255;1
5;45;65;1
8;45;53;1
3;45;90;3
4;45;272;2
5;46;114;1
8;46;2828;1
15;46;3477;2
4;46;477;2
14;46;205;2
3;46;153;3
10;46;290;3
17;46;248;1
2;46;355;2
9;46;114;1
7;46;391;2
6;46;163;3
16;46;376;2
12;46;137;2
13;46;53;1
11;46;174;2
11;47;320;2
10;47;366;3
15;47;1296;2
5;47;1515;1
3;47;433;3
7;47;309;2
9;47;964;1
2;47;3354;2
16;47;2112;2
17;47;3652;1
6;47;2859;3
4;47;656;2
12;47;199;2
14;47;176;2
8;47;56;1
13;47;73;1
4;48;201;2
14;48;243;2
7;48;266;2
12;48;222;2
6;48;785;3
13;48;2905;1
15;48;2386;2
10;48;3498;3
16;48;1633;2
8;48;1600;1
11;48;1344;2
3;48;536;3
9;48;4317;1
17;48;127;1
4;49;78;2
2;49;293;2
6;49;135;3
7;49;232;2
10;49;470;3
3;49;2018;3
17;49;928;1
16;49;4207;2
5;49;226;1
15;49;72;2
8;49;221;1
9;49;56;1
13;49;1231;1
12;50;87;1
11;49;6018;2
12;49;7517;2
2;50;1299;2
14;49;5160;2
13;50;245;1
9;50;168;1
10;50;333;3
4;50;265;2
7;50;220;2
16;50;164;2
11;50;300;2
17;50;158;1
15;50;275;2
5;50;501;1
8;50;2410;1
3;50;3939;3
14;50;64;2
6;50;166;3
10;51;354;3
6;51;169;3
12;51;114;1
13;51;247;1
3;51;298;3
9;51;31;1
2;51;351;2
15;51;131;2
11;51;375;2
7;51;170;2
16;51;412;2
8;51;40;1
17;51;111;1
5;51;54;1
14;51;127;2
4;51;331;2
7;52;365;2
14;52;238;2
5;52;3175;1
15;52;130;2
9;52;3006;1
2;52;4618;2
13;52;236;1
12;52;439;1
11;52;7501;2
10;52;3623;3
8;52;3133;1
6;52;4322;3
3;52;194;3
4;52;335;2
17;52;49;1
16;52;185;2
8;53;83;1
5;53;135;1
16;53;251;2
7;53;300;2
11;53;219;2
10;53;392;3
3;53;82;3
2;53;380;2
14;53;66;2
17;53;70;1
15;53;226;2
13;53;48;1
4;53;275;2
12;53;24;1
9;53;192;1
6;53;162;3
6;54;168;3
5;54;31;1
3;54;211;3
7;54;279;2
13;54;106;1
12;54;82;1
14;54;37;2
17;54;119;1
8;54;213;1
9;54;17;1
16;54;286;2
11;54;390;2
15;54;42;2
2;54;276;2
4;54;411;2
10;54;301;3
15;55;49;2
14;55;283;2
10;55;304;3
11;55;351;2
8;55;24;1
7;55;298;2
2;55;220;2
4;55;282;2
16;55;384;2
5;55;1719;1
17;55;2181;1
6;55;675;3
9;55;3971;1
13;55;235;1
12;55;88;1
3;55;206;3
5;56;230;1
7;56;306;2
12;56;190;1
6;56;199;3
8;56;221;1
3;56;208;3
17;56;121;1
10;56;460;3
11;56;602;2
13;56;1237;1
14;56;1546;2
16;56;307;2
2;56;365;2
4;56;352;2
15;56;248;2
9;56;116;1
15;57;174;2
12;57;240;1
14;57;81;2
9;57;152;1
10;57;226;3
2;57;347;2
8;57;106;1
7;57;350;2
16;57;403;2
3;57;131;3
5;57;201;1
11;57;181;2
13;57;61;1
4;57;387;2
6;57;324;3
17;57;17;1
8;58;156;1
10;58;368;3
4;58;398;2
3;58;168;3
6;58;240;3
17;58;112;1
5;58;142;1
15;58;103;2
12;58;248;1
16;58;191;2
7;58;232;2
14;58;269;2
11;58;415;2
9;58;159;1
13;58;207;1
2;58;192;2
17;59;45;1
7;59;296;2
12;59;177;1
11;59;315;2
6;59;303;3
16;59;182;2
5;59;14;1
2;59;320;2
8;59;138;1
10;59;371;3
14;59;32;2
13;59;196;1
9;59;73;1
15;59;2297;2
3;59;1851;3
4;59;3175;2
10;60;515;3
2;60;282;2
9;60;80;1
4;60;1296;2
7;60;1638;2
3;60;2383;3
13;60;211;1
12;60;98;1
11;60;217;2
16;60;307;2
8;60;36;1
5;60;235;1
14;60;269;2
17;60;66;1
6;60;1138;3
15;60;1486;2
16;61;348;2
8;61;235;1
3;61;188;3
6;61;249;3
7;61;178;2
9;61;267;1
15;61;246;2
2;61;278;2
11;61;290;2
14;61;985;2
5;61;174;1
12;61;3000;1
4;61;3315;2
10;61;2477;3
17;61;30;1
13;61;258;1
12;62;202;1
16;62;267;2
10;62;326;3
9;62;2502;1
3;62;3824;3
6;62;1445;3
11;62;236;2
14;62;124;2
15;62;74;2
7;62;334;2
5;62;129;1
13;62;184;1
2;62;274;2
4;62;166;2
8;62;209;1
17;62;158;1
11;63;325;2
14;63;111;2
6;63;266;3
13;63;1240;1
2;63;1599;2
8;63;494;1
3;63;87;3
17;63;92;1
16;63;167;2
7;63;291;2
4;63;228;2
9;63;45;1
5;63;939;1
10;63;2067;3
15;63;3586;2
11;64;176;2
12;63;3927;1
5;64;191;1
9;64;156;1
3;64;166;3
17;64;62;1
8;64;244;1
14;64;72;2
4;64;378;2
13;64;81;1
16;64;396;2
10;64;370;3
7;64;188;2
6;64;96;3
12;64;126;1
15;64;174;2
2;64;344;2
12;65;219;1
3;65;274;3
16;65;245;2
5;65;151;1
4;65;358;2
15;65;30;2
11;65;247;2
17;65;14;1
9;65;215;1
8;65;227;1
13;65;59;1
14;65;30;2
10;65;467;3
2;65;236;2
6;65;126;3
7;65;259;2
15;66;230;2
9;66;113;1
10;66;1841;3
6;66;236;3
14;66;137;2
2;66;260;2
5;66;77;1
13;66;811;1
7;66;1974;2
17;66;3408;1
12;66;3680;1
8;66;256;1
16;66;217;2
3;66;209;3
4;66;267;2
11;66;240;2
2;67;213;2
8;67;77;1
16;67;244;2
6;67;202;3
12;67;199;1
10;67;370;3
7;67;412;2
3;67;221;3
4;67;236;2
17;67;192;1
9;67;215;1
11;67;413;2
15;67;225;2
5;67;195;1
14;67;230;2
13;67;91;1
12;68;244;1
15;68;276;2
4;68;207;2
14;68;44;2
5;68;182;1
8;68;216;1
6;68;235;3
16;68;311;2
3;68;206;3
2;68;207;2
10;68;369;3
13;68;210;1
17;68;19;1
11;68;1276;2
7;68;1539;2
9;68;15;1
12;69;152;1
6;69;133;3
13;69;125;1
11;69;189;2
14;69;201;2
2;69;391;2
15;69;243;2
16;69;412;2
9;69;36;1
3;69;115;3
7;69;130;3
17;69;97;1
8;69;137;1
5;69;201;1
10;69;250;3
4;69;303;2
12;70;161;1
2;70;170;2
5;70;169;1
9;70;251;1
8;70;40;1
6;70;248;3
14;70;257;2
15;70;264;2
11;70;292;2
10;70;240;3
7;70;222;3
17;70;94;1
13;70;1314;1
16;70;2138;2
4;70;1982;2
3;70;2549;3
16;71;371;2
3;71;188;3
14;71;118;2
7;71;288;3
13;71;259;1
17;71;236;1
9;71;174;1
6;71;149;3
12;71;143;1
8;71;60;1
5;71;17;1
2;71;334;2
4;71;272;2
15;71;197;2
10;71;465;3
11;71;278;2
8;72;67;1
3;72;131;3
9;72;27;1
12;72;141;1
5;72;264;1
4;72;1411;2
16;72;888;2
17;72;263;1
14;72;289;2
11;72;309;2
2;72;245;2
10;72;346;3
7;72;85;3
13;72;80;1
6;72;135;3
15;72;134;2
4;73;323;2
13;73;237;1
8;73;83;1
12;73;13;1
14;73;216;2
3;73;271;3
10;73;300;3
2;73;248;2
15;73;64;2
6;73;340;3
9;73;88;1
11;73;357;2
16;73;211;2
7;73;278;3
5;73;145;1
17;73;249;1
12;74;71;1
6;74;119;3
15;74;130;2
9;74;51;1
8;74;80;1
10;74;310;3
14;74;184;2
11;74;308;2
16;74;413;2
7;74;118;3
13;74;66;1
2;74;311;2
5;74;187;1
3;74;401;3
4;74;357;2
17;74;21;1
14;75;30;2
15;75;85;2
17;75;122;1
6;75;171;3
3;75;159;3
11;75;223;2
13;75;92;1
2;75;212;2
12;75;222;1
9;75;232;1
7;75;235;3
8;75;150;1
4;75;367;2
10;75;234;3
5;75;142;1
16;75;180;2
10;76;271;3
9;76;100;1
12;76;184;1
6;76;108;3
3;76;165;3
7;76;141;3
16;76;3641;2
11;76;1794;2
2;76;1334;2
14;76;4281;2
4;76;326;2
5;76;37;1
15;76;163;2
17;76;156;1
8;76;255;1
13;76;120;1
6;77;247;3
4;77;215;2
3;77;224;3
8;77;232;1
16;77;249;2
7;77;130;3
10;77;459;3
13;77;68;1
12;77;78;1
5;77;157;1
14;77;161;2
17;77;40;1
2;77;382;2
9;77;84;1
15;77;50;2
11;77;246;2
12;78;57;1
10;78;409;3
14;78;229;2
17;78;39;1
5;78;105;1
6;78;1222;3
2;78;1448;2
11;78;231;2
13;78;110;1
7;78;1854;3
8;78;2435;1
16;78;255;2
9;78;244;1
4;78;319;2
15;78;272;2
3;78;145;3
8;79;174;1
11;79;465;2
5;79;41;1
10;79;5396;3
14;79;5771;2
7;79;132;3
12;79;228;1
4;79;249;2
9;79;20;1
17;79;90;1
15;79;98;2
2;79;256;2
16;79;213;2
3;79;112;3
13;79;81;1
6;79;315;3
3;80;251;3
9;80;133;1
11;80;2083;2
2;80;2287;2
15;80;141;2
14;80;232;2
17;80;58;1
16;80;290;2
13;80;93;1
12;80;186;1
7;80;185;3
10;80;350;3
8;80;234;1
5;80;218;1
4;80;227;2
6;80;137;3
3;81;113;3
10;81;2032;3
14;81;2528;2
8;81;3673;1
11;81;2137;2
4;81;399;2
5;81;221;1
2;81;364;2
13;81;266;1
6;81;83;3
16;81;381;2
12;81;161;1
15;81;265;2
17;81;260;1
9;81;64;1
7;81;115;3
17;82;162;1
13;82;88;1
9;82;730;1
16;82;916;2
7;82;3251;3
10;82;1541;4
12;82;3783;1
15;82;63;2
4;82;104;3
6;82;315;3
3;82;108;3
5;82;110;1
11;82;417;2
2;82;724;3
14;82;182;2
8;82;147;1
17;83;79;1
2;83;433;3
3;83;303;3
14;83;259;2
11;83;349;2
15;83;244;2
10;83;431;4
4;83;375;3
5;83;91;1
13;83;200;1
12;83;51;1
6;83;2377;3
7;83;394;3
16;83;4083;2
8;83;4369;1
11;84;190;2
17;84;151;1
16;84;250;2
10;84;343;4
8;84;167;1
14;84;127;2
6;84;221;3
9;84;50;1
4;84;2160;3
7;84;264;3
15;84;281;2
13;84;134;1
3;84;149;3
2;84;537;3
12;84;215;1
5;84;158;1
2;85;596;3
15;85;129;2
5;85;2654;1
3;85;3448;3
7;85;1810;3
6;85;1443;3
4;85;637;3
16;85;2626;2
11;85;679;2
17;85;235;1
14;85;250;2
12;85;112;1
13;85;59;1
9;85;67;1
10;85;428;4
9;86;256;1
2;86;607;3
11;86;191;2
10;86;248;4
12;86;170;1
4;86;292;3
13;86;81;1
6;86;142;3
8;86;231;1
14;86;271;2
7;86;244;3
17;86;60;1
15;86;90;2
5;86;217;1
3;86;902;3
14;87;894;2
16;86;1752;2
7;87;302;3
17;87;49;1
5;87;241;1
2;87;417;3
6;87;295;3
4;87;97;3
15;87;266;2
10;87;470;4
9;87;81;1
3;87;170;3
11;87;171;2
12;87;56;1
16;87;217;2
13;87;237;1
8;87;171;1
13;88;129;1
4;88;295;3
7;88;294;3
12;88;213;1
15;88;74;2
14;88;28;2
3;88;289;3
9;88;1793;1
2;88;2585;3
11;88;656;2
10;88;225;4
6;88;312;3
8;88;108;1
17;88;200;1
16;88;348;2
5;88;90;1
11;89;250;2
10;89;312;4
16;89;354;2
8;89;198;1
14;89;188;2
13;89;213;1
4;89;162;3
6;89;144;3
15;89;88;2
9;89;150;1
12;89;19;1
3;89;105;3
17;89;186;1
7;89;182;3
2;89;599;3
5;89;171;1
10;90;1948;4
2;90;2444;3
11;90;2609;2
17;90;90;1
3;90;69;3
14;90;64;2
16;90;371;2
4;90;323;3
9;90;168;1
8;90;208;1
12;90;16;1
5;90;34;1
7;90;161;3
6;90;354;3
15;90;253;2
13;90;206;1
16;91;298;2
14;91;176;2
4;91;213;3
13;91;125;1
15;91;1151;2
2;91;1823;3
3;91;111;3
12;91;219;1
10;91;361;4
11;91;169;2
9;91;18;1
5;91;1128;1
17;91;1421;1
7;91;316;3
6;91;1584;3
8;91;2077;1
6;92;221;3
16;92;352;2
9;92;129;1
11;92;267;2
8;92;264;1
2;92;525;3
5;92;164;1
13;92;18;1
15;92;278;2
14;92;223;2
12;92;227;1
4;92;304;3
17;92;245;1
7;92;104;3
3;92;97;3
10;92;274;4
11;93;211;2
10;93;408;4
16;93;362;2
9;93;37;1
4;93;211;3
17;93;162;1
6;93;440;3
12;93;566;1
13;93;2959;1
2;93;556;3
5;93;160;1
7;93;98;3
15;93;277;2
14;93;200;2
8;93;37;1
3;93;104;3
2;94;530;3
17;94;184;1
16;94;1899;2
15;94;3253;2
14;94;3569;2
10;94;1210;4
3;94;1952;3
6;94;2723;3
11;94;3939;2
8;94;880;1
12;94;147;1
7;94;94;3
9;94;125;1
5;94;60;1
13;94;146;1
4;94;229;3
15;95;196;2
12;95;181;1
3;95;450;3
7;95;272;3
17;95;1406;1
14;95;1040;2
16;95;3037;2
11;95;336;2
10;95;472;4
4;95;297;3
9;95;188;1
2;95;1833;3
8;95;155;1
6;95;261;3
13;95;37;1
5;95;228;1
17;96;23;1
14;96;135;2
7;96;1199;3
4;96;1682;3
2;96;519;3
16;96;392;2
8;96;176;1
11;96;292;2
12;96;119;1
15;96;115;2
13;96;99;1
5;96;217;1
9;96;253;1
3;96;383;3
10;96;295;4
6;96;313;3
8;97;70;1
12;97;120;1
17;97;226;1
13;97;71;1
11;97;341;2
4;97;1555;3
3;97;2037;3
16;97;311;2
15;97;305;2
6;97;242;3
10;97;392;4
5;97;53;1
2;97;501;3
7;97;1558;3
9;97;171;1
14;97;272;2
17;98;172;1
12;98;510;1
3;98;505;3
2;98;1631;3
9;98;1450;1
4;98;96;3
14;98;98;2
10;98;411;4
15;98;191;2
13;98;253;1
7;98;108;3
8;98;2549;1
11;98;2418;2
16;98;2196;2
6;98;4728;3
5;98;192;1
6;99;172;3
15;99;241;2
12;99;252;1
11;99;337;2
2;99;410;3
13;99;259;1
16;99;188;2
7;99;240;3
5;99;252;1
4;99;212;3
3;99;1342;3
8;99;679;1
9;99;71;1
17;99;3415;1
14;99;260;2
10;99;409;4
6;100;203;3
14;100;189;2
16;100;264;2
5;100;266;1
9;100;70;1
11;100;337;2
3;100;471;3
8;100;147;1
10;100;300;4
13;100;126;1
7;100;280;3
4;100;108;3
12;100;41;1
15;100;126;2
2;100;427;3
17;100;205;1
14;101;168;2
12;101;1300;1
6;101;1979;3
11;101;375;2
13;101;203;1
3;101;505;3
17;101;294;1
9;101;120;1
15;101;191;2
8;101;85;1
16;101;377;2
5;101;185;1
10;101;1601;4
7;101;1042;3
2;101;3266;3
4;101;262;3
15;102;209;2
17;102;218;1
2;102;396;3
12;102;174;1
5;102;241;1
16;102;3005;2
10;102;1456;4
9;102;684;1
8;102;3904;1
11;102;3703;2
4;102;117;3
7;102;192;3
6;102;175;3
14;102;254;2
4;103;1325;3
5;103;1418;1
2;103;501;3
7;103;270;3
15;103;265;2
10;103;225;4
6;103;209;3
3;103;415;4
16;103;228;2
17;103;123;1
12;103;247;1
8;103;141;1
11;103;213;2
13;103;249;1
9;103;255;1
14;103;40;2
12;104;174;1
3;104;514;4
6;104;159;3
13;104;32;1
14;104;78;2
5;104;101;1
2;104;431;3
15;104;201;3
8;104;183;1
11;104;336;2
4;104;86;3
9;104;257;1
10;104;347;4
7;104;210;3
16;104;215;2
17;104;82;1
10;105;441;4
13;105;195;1
12;105;96;1
4;105;77;3
5;105;174;1
16;105;307;2
9;105;218;1
15;105;305;3
2;105;598;3
8;105;2256;1
6;105;3175;3
14;105;3265;2
3;105;2124;4
7;105;161;3
17;105;3574;1
11;105;4098;2
4;106;222;3
12;106;116;1
13;106;115;1
14;106;97;2
2;106;597;3
15;106;77;3
3;106;1454;4
7;106;2909;3
17;106;785;1
10;106;1179;4
8;106;2794;1
16;106;2447;2
8;107;189;2
11;107;273;3
9;106;3169;1
11;106;5567;2
6;106;5682;3
10;107;344;4
2;107;601;4
17;107;1876;1
13;107;393;1
12;107;253;1
9;107;5113;1
16;107;398;3
3;107;486;4
6;107;282;3
4;107;195;3
5;107;162;1
7;107;93;3
14;107;150;2
15;107;257;3
6;108;264;3
3;108;503;4
11;108;458;3
8;108;337;2
7;108;85;3
13;108;244;1
14;108;168;2
9;108;97;1
15;108;280;3
10;108;288;4
2;108;556;4
17;108;122;1
4;108;470;3
12;108;211;1
5;108;65;1
16;108;405;3
17;109;50;1
9;109;171;1
11;109;411;3
8;109;187;2
6;109;117;3
2;109;513;4
15;109;1301;3
13;109;1393;1
12;109;211;1
4;109;148;3
5;109;156;1
14;109;204;2
16;109;202;3
3;109;484;4
10;109;316;4
7;109;281;3
7;110;310;3
8;110;110;2
6;110;193;3
12;110;232;1
4;110;180;3
10;110;266;4
9;110;16;1
16;110;306;3
2;110;521;4
13;110;227;1
11;110;324;3
5;110;1191;1
14;110;1389;2
3;110;432;4
15;110;224;3
17;110;42;1
5;111;76;1
3;111;1482;4
12;111;1223;1
4;111;2787;3
10;111;949;4
15;111;207;3
16;111;383;3
14;111;261;2
17;111;240;1
8;111;298;2
13;111;379;1
9;111;1281;1
2;111;1723;4
7;111;91;3
11;111;241;3
6;111;319;3
14;112;191;2
12;112;18;1
6;112;290;3
3;112;414;4
2;112;512;4
8;112;138;2
4;112;136;3
5;112;85;1
9;112;125;1
7;112;177;3
17;112;124;1
16;112;320;3
15;112;79;3
10;112;260;4
13;112;214;1
11;112;601;3
5;113;57;1
10;113;334;4
15;113;173;3
8;113;180;2
11;113;652;3
4;113;1327;3
16;113;220;3
13;113;78;1
9;113;116;1
3;113;543;4
14;113;159;2
17;113;95;1
12;113;92;1
2;113;582;4
7;113;197;3
6;113;199;3
17;114;248;1
6;114;162;3
2;114;535;4
15;114;221;3
7;114;234;3
5;114;110;1
16;114;487;3
8;114;202;2
12;114;1111;1
9;114;1841;1
10;114;2618;4
11;114;636;3
3;114;392;4
13;114;226;1
4;114;110;3
14;114;267;2
17;115;245;1
14;115;396;2
15;115;158;3
9;115;92;1
2;115;556;4
16;115;227;3
11;115;300;3
10;115;475;4
13;115;150;1
7;115;284;3
6;115;246;3
12;115;208;1
8;115;134;2
3;115;549;4
5;115;68;1
4;115;131;3
10;116;541;4
8;116;188;2
17;116;113;1
6;116;515;3
14;116;523;2
5;116;178;1
12;116;243;1
2;116;882;4
4;116;325;3
15;116;234;3
13;116;102;1
9;116;1150;1
7;116;460;3
3;116;556;4
15;117;522;3
16;116;3693;3
11;116;2684;3
2;117;604;4
17;117;989;1
8;117;2072;2
4;117;1159;3
12;117;1542;1
6;117;327;3
7;117;198;3
11;117;261;3
9;117;100;1
16;117;289;3
3;117;440;4
13;117;69;1
14;117;258;2
10;117;381;4
6;118;111;3
7;118;195;3
8;118;324;2
10;118;653;4
11;118;337;3
9;118;266;1
4;118;90;3
13;118;103;1
16;118;185;3
3;118;577;4
12;118;190;1
17;118;127;1
5;118;238;1
14;118;114;2
15;118;109;3
2;118;428;4
13;119;168;1
7;119;138;3
17;119;246;1
3;119;517;4
5;119;91;1
6;119;157;3
8;119;142;2
4;119;312;3
16;119;174;3
11;119;285;3
2;119;551;4
15;119;259;3
9;119;40;1
10;119;613;4
12;119;163;1
14;119;193;2
6;120;244;3
3;120;528;4
10;120;376;4
16;120;233;3
2;120;392;4
11;120;250;3
5;120;253;1
9;120;1142;1
12;120;1461;1
4;120;280;3
14;120;94;2
8;120;155;2
15;120;208;3
13;120;124;1
17;120;158;1
7;120;162;3
12;121;101;1
7;121;156;3
8;121;331;2
11;121;1282;3
14;121;1476;2
4;121;1781;3
9;121;347;1
6;121;2030;3
17;121;2037;1
10;121;579;4
5;121;218;1
2;121;557;4
15;121;258;3
13;121;41;1
3;121;627;4
16;121;364;3
15;122;267;3
11;122;187;3
7;122;146;3
17;122;221;1
13;122;117;1
8;122;235;2
10;122;566;4
5;122;42;1
3;122;456;4
14;122;281;2
4;122;304;3
2;122;543;4
9;122;130;1
12;122;1032;1
6;122;2576;3
16;122;3689;3
11;123;3261;3
3;123;3283;4
15;123;2051;3
12;123;252;1
4;123;181;3
6;123;326;3
5;123;108;1
9;123;179;1
8;123;324;2
10;123;608;4
14;123;171;2
16;123;504;3
13;123;98;1
2;123;406;4
17;123;114;1
7;123;278;3
15;124;1828;3
6;124;407;3
8;124;2256;2
2;124;2059;4
12;124;262;1
13;124;1263;1
17;124;1506;1
14;124;438;2
3;124;481;4
10;124;566;4
16;124;199;3
7;124;214;3
11;124;326;3
9;124;1728;1
4;124;2346;3
5;124;235;1
11;125;315;3
12;125;258;1
3;125;536;4
10;125;613;4
9;125;110;1
15;125;253;3
6;125;73;3
16;125;247;3
5;125;67;1
7;125;130;3
17;125;463;1
4;125;1922;3
13;125;1895;1
8;125;1331;2
14;125;205;2
2;125;513;4
15;126;276;3
5;126;40;1
16;126;204;3
7;126;300;3
17;126;200;1
8;126;324;2
4;126;93;3
12;126;258;1
2;126;415;4
13;126;163;1
10;126;546;4
9;126;19;1
11;126;259;3
6;126;1256;3
14;126;1508;2
3;126;2756;4
7;127;131;3
5;127;1429;1
6;127;2224;3
14;127;306;2
10;127;499;4
8;127;303;2
15;127;282;3
17;127;60;1
13;127;175;1
16;127;342;3
9;127;191;1
3;127;437;4
12;127;133;1
2;127;470;4
4;127;159;3
11;127;313;3
15;128;82;3
10;128;551;4
4;128;106;3
14;128;84;2
9;128;181;1
12;128;1222;1
5;128;482;1
8;128;1875;2
11;128;1480;3
2;128;771;4
17;128;33;1
3;128;561;4
6;128;230;3
16;128;268;3
7;128;295;3
13;128;260;1
8;129;164;2
6;129;282;3
3;129;577;4
4;129;466;3
12;129;63;1
7;129;299;3
9;129;116;1
15;129;230;3
10;129;551;4
11;129;359;3
2;129;590;4
14;129;121;2
5;129;117;1
16;129;200;3
17;129;144;1
13;129;25;1
12;130;96;1
15;130;252;3
3;130;418;4
2;130;445;4
11;130;263;3
14;130;198;2
4;130;274;3
6;130;276;3
8;130;223;2
7;130;154;3
5;130;97;1
17;130;140;1
9;130;47;1
16;130;223;3
13;130;87;1
10;130;579;4
7;131;85;3
14;131;39;2
6;131;278;3
17;131;62;1
16;131;250;3
5;131;136;1
10;131;539;4
12;131;195;1
2;131;508;4
3;131;438;4
4;131;165;3
9;131;18;1
11;131;165;3
13;131;94;1
8;131;337;2
15;131;262;3
10;132;628;4
8;132;239;2
12;132;212;1
13;132;78;1
11;132;348;3
5;132;178;1
17;132;72;1
15;132;1356;3
14;132;1002;2
9;132;1627;1
16;132;2183;3
2;132;396;4
7;132;211;3
3;132;456;4
6;132;253;3
4;132;310;3
16;133;205;3
17;133;246;1
7;133;301;3
3;133;450;4
5;133;175;1
15;133;75;3
12;133;89;1
11;133;232;3
14;133;168;2
4;133;191;3
8;133;301;2
10;133;495;4
13;133;271;1
9;133;101;1
6;133;187;3
2;133;551;4
6;134;85;3
8;134;335;2
10;134;401;4
13;134;241;1
9;134;71;1
4;134;2590;3
16;134;4056;3
3;134;969;4
5;134;45;1
11;134;172;3
14;134;223;2
2;134;588;4
12;134;33;1
7;134;197;3
15;134;229;3
17;134;257;1
8;135;329;2
6;135;185;3
3;135;413;4
14;135;204;2
7;135;622;3
11;135;2481;3
16;135;2298;3
13;135;680;1
12;135;3296;1
5;135;69;1
15;135;267;3
17;135;240;1
9;135;121;1
4;135;109;3
10;135;576;4
17;136;165;1
4;136;207;3
14;136;257;2
5;136;163;1
15;136;163;3
3;136;2424;4
8;136;1075;2
12;136;3540;1
16;136;366;3
11;136;236;3
6;136;115;3
9;136;111;1
7;136;311;3
10;136;586;4
13;136;173;1
13;137;21;1
3;137;426;4
7;137;232;3
14;137;963;2
12;137;1973;1
8;137;2256;2
15;137;228;3
16;137;365;3
17;137;176;1
5;137;86;1
6;137;265;3
10;137;536;4
2;137;447;4
11;137;319;3
9;137;141;1
8;138;124;2
15;138;2039;3
4;137;2498;3
14;138;73;2
12;138;159;2
3;138;587;4
11;138;290;3
9;138;263;1
16;138;436;3
4;138;122;3
17;138;190;1
2;138;527;4
7;138;153;3
10;138;579;4
6;138;300;3
5;138;264;1
13;138;167;1
6;139;225;3
13;139;183;1
10;139;454;4
15;139;112;3
17;139;204;1
9;139;110;1
4;139;201;3
14;139;81;2
8;139;92;2
3;139;520;4
2;139;576;4
7;139;191;3
5;139;169;1
12;139;204;2
11;139;242;3
16;139;238;3
8;140;110;2
7;140;160;3
9;140;200;1
11;140;401;3
6;140;221;3
13;140;190;1
3;140;2142;4
12;140;3487;2
14;140;164;2
17;140;1306;1
15;140;1682;3
10;140;2555;4
5;140;28;1
2;140;478;4
16;140;199;3
4;140;258;3
7;141;1853;3
2;141;2323;4
12;141;76;2
17;141;162;1
6;141;267;3
11;141;235;3
5;141;2083;1
4;141;2485;3
8;141;341;2
15;141;836;4
16;141;283;3
9;141;248;1
13;141;66;1
10;141;831;4
3;141;686;4
14;141;149;2
5;142;66;1
11;142;376;3
3;142;404;4
8;142;336;2
4;142;243;3
2;142;571;4
7;142;197;3
6;142;289;3
10;142;459;4
9;142;234;1
15;142;680;5
17;142;238;1
13;142;63;1
14;142;85;2
16;142;391;3
12;142;446;4
11;143;205;3
14;143;199;2
10;143;461;4
4;143;211;3
17;143;46;1
6;143;307;3
13;143;201;1
16;143;169;3
8;143;207;2
9;143;21;1
3;143;420;4
5;143;144;1
15;143;3016;5
7;143;288;3
12;143;535;4
2;143;459;4
10;144;420;4
9;144;156;1
6;144;94;3
17;144;30;1
4;144;306;3
3;144;465;4
8;144;111;2
12;144;412;4
11;144;366;3
16;144;203;3
13;144;30;1
15;144;679;5
7;144;130;3
2;144;585;4
5;144;209;1
14;144;98;2
8;145;251;2
10;145;710;4
4;145;73;3
5;145;244;1
11;145;220;3
12;145;646;4
16;145;377;3
3;145;606;4
9;145;243;1
2;145;379;4
17;145;248;1
15;145;762;5
6;145;159;3
7;145;187;3
13;145;33;1
14;145;229;2
9;146;183;1
3;146;445;4
8;146;114;2
6;146;131;3
15;146;745;5
16;146;335;3
14;146;62;2
2;146;542;4
17;146;82;1
12;146;546;4
5;146;963;1
11;146;409;3
10;146;509;4
4;146;3748;3
7;146;2273;3
9;147;623;1
6;147;1696;3
17;147;1249;1
13;146;2190;1
14;147;211;2
7;147;1616;3
3;147;2242;4
2;147;465;4
11;147;260;3
8;147;91;2
16;147;194;3
15;147;856;5
5;147;26;1
13;147;53;1
10;147;474;4
12;147;510;4
4;147;146;3
10;148;502;4
3;148;678;4
7;148;206;3
9;148;90;1
6;148;142;3
15;148;762;5
4;148;309;3
2;148;1570;4
14;148;1306;2
11;148;310;3
8;148;206;2
5;148;204;1
12;148;462;4
16;148;370;3
17;148;196;1
13;148;137;1
7;149;276;3
3;149;1412;4
12;149;1827;4
11;149;166;3
6;149;117;3
5;149;71;1
4;149;311;3
2;149;1489;4
10;149;1727;4
13;149;244;1
14;149;277;2
9;149;29;1
8;149;165;2
16;149;669;3
17;149;128;1
15;149;768;5
7;150;270;3
4;150;121;3
13;150;98;1
15;150;1325;5
3;150;2035;4
14;150;81;2
17;150;208;1
9;150;124;1
16;150;255;3
10;150;574;4
8;150;315;2
6;150;94;3
11;150;1923;3
12;150;1300;4
5;150;2311;1
2;150;271;3
9;151;70;1
6;151;239;3
13;151;126;1
8;151;554;2
14;151;105;2
7;151;193;3
5;151;243;1
15;151;751;5
16;151;341;3
17;151;76;1
2;151;95;3
4;151;151;3
11;151;268;3
3;151;574;4
10;151;609;4
12;151;583;4
14;152;239;2
17;152;13;1
11;152;202;3
5;152;72;1
12;152;515;4
13;152;210;1
10;152;397;4
4;152;310;3
8;152;245;2
3;152;590;4
9;152;131;1
2;152;115;3
7;152;115;3
16;152;383;3
15;152;656;5
6;152;219;3
5;153;19;1
2;153;286;3
3;153;465;4
16;153;247;3
4;153;216;3
8;153;96;2
14;153;233;2
9;153;68;1
11;153;341;3
15;153;722;5
17;153;172;1
7;153;102;3
6;153;326;3
12;153;601;4
13;153;145;1
10;153;519;4
17;154;46;1
14;154;87;2
16;154;1280;3
3;154;1740;4
4;154;142;3
2;154;167;3
6;154;309;3
15;154;613;5
13;154;308;1
5;154;75;1
12;154;578;4
10;154;480;4
11;154;220;3
8;154;149;2
7;154;228;3
9;154;111;1
4;155;284;3
16;155;410;3
13;155;1046;1
17;155;1460;1
2;155;122;3
14;155;430;2
15;155;682;5
9;155;30;1
6;155;299;3
12;155;435;4
10;155;590;4
11;155;313;3
8;155;129;2
3;155;393;4
7;155;222;3
5;155;34;1
7;156;166;3
3;156;443;4
17;156;135;1
14;156;104;2
8;156;151;2
11;156;564;3
10;156;467;4
15;156;1345;5
9;156;1721;1
4;156;2183;3
13;156;242;1
16;156;347;3
5;156;71;1
6;156;3592;3
2;156;5086;3
12;156;1788;4
8;157;736;2
13;157;810;1
11;157;838;3
2;157;308;3
10;157;1437;4
12;157;1866;4
6;157;315;4
16;157;238;3
5;157;245;1
9;157;136;1
4;157;87;3
14;157;32;2
7;157;184;3
15;157;622;5
3;157;627;4
17;157;207;1
11;158;348;3
16;158;353;3
13;158;261;1
8;158;371;2
6;158;338;4
12;158;22;1
15;158;246;2
14;158;91;2
7;158;264;3
10;158;586;4
9;158;17;1
2;158;237;3
4;158;245;3
3;158;579;4
17;158;95;1
5;158;154;1
10;159;410;4
8;159;306;2
2;159;225;3
13;159;251;1
7;159;168;3
3;159;485;4
12;159;14;1
17;159;53;1
15;159;307;2
5;159;1048;1
9;159;2069;1
4;159;3003;3
16;159;2990;3
11;159;236;3
6;159;484;4
14;159;228;2
8;160;318;2
11;160;415;3
5;160;61;1
17;160;36;1
9;160;222;1
14;160;182;2
3;160;525;4
16;160;205;3
2;160;259;3
4;160;268;3
13;160;130;1
15;160;108;2
7;160;183;3
6;160;537;4
12;160;41;1
10;160;477;4
17;161;46;1
9;161;1995;1
11;161;2572;3
6;161;540;4
15;161;106;2
7;161;1493;3
2;161;136;3
3;161;575;4
16;161;2201;3
4;161;261;3
13;161;1182;1
14;161;1476;2
8;161;271;2
12;161;21;1
5;161;20;1
10;161;459;4
12;162;64;1
3;162;596;4
17;162;189;1
7;162;73;3
2;162;215;3
14;162;271;2
15;162;684;2
6;162;2227;3
5;162;3353;1
8;162;184;2
16;162;281;2
13;162;124;1
9;162;203;1
11;162;188;3
4;162;173;3
10;162;565;4
16;163;68;2
7;163;101;3
6;163;242;3
3;163;426;4
13;163;578;1
2;163;1625;3
15;163;1900;2
12;163;1192;1
8;163;157;2
17;163;112;1
11;163;371;3
5;163;159;1
10;163;620;4
14;163;234;2
4;163;490;3
9;163;258;1
4;164;263;3
14;164;113;2
15;164;286;2
13;164;220;1
12;164;228;1
8;164;237;2
16;164;257;2
6;164;1766;3
9;164;2139;1
2;164;2190;3
11;164;2286;3
10;164;1844;4
17;164;1545;1
7;164;437;3
3;164;513;4
5;164;144;1
14;165;40;2
8;165;504;2
3;165;590;4
10;165;391;4
7;165;227;3
15;165;246;2
12;165;220;1
17;165;127;1
13;165;81;1
9;165;259;1
16;165;160;2
11;165;292;3
2;165;326;3
4;165;252;3
6;165;263;3
5;165;151;1
10;166;380;4
6;166;174;3
5;166;95;1
15;166;205;2
13;166;219;1
7;166;143;3
12;166;264;1
14;166;74;2
2;166;119;3
8;166;339;2
17;166;132;1
3;166;455;4
4;166;88;3
9;166;118;1
11;166;164;3
16;166;115;2
8;167;208;2
13;167;39;1
5;167;97;1
10;167;455;4
15;167;237;2
9;167;117;1
17;167;237;1
7;167;184;3
16;167;70;2
11;167;240;3
14;167;187;2
2;167;214;3
6;167;202;3
12;167;94;1
4;167;171;3
3;167;583;4
9;168;205;1
15;168;196;2
2;168;290;3
14;168;278;2
4;168;217;3
3;168;437;4
12;168;193;1
6;168;247;3
13;168;228;1
16;168;99;2
7;168;310;3
17;168;93;1
5;168;217;1
10;168;579;4
8;168;206;2
11;168;2031;3
5;169;127;1
14;169;162;2
16;169;141;2
15;169;202;2
10;169;727;4
11;169;706;3
8;169;611;2
9;169;173;1
17;169;219;1
2;169;160;3
13;169;168;1
6;169;245;3
12;169;253;1
3;169;632;4
4;169;2866;3
7;169;4093;3
4;170;276;3
15;170;3653;2
9;170;166;1
6;170;78;3
13;170;263;1
12;170;43;1
5;170;92;1
2;170;252;3
17;170;140;1
16;170;1532;2
14;170;1375;2
3;170;2674;4
11;170;548;3
10;170;751;4
8;170;173;2
7;170;246;3
17;171;138;1
8;171;199;2
2;171;107;3
12;171;235;1
16;171;235;2
10;171;3904;4
15;171;279;2
13;171;241;1
14;171;90;2
4;171;425;3
7;171;315;3
9;171;151;1
6;171;243;3
11;171;333;3
5;171;163;1
3;171;484;4
7;172;232;3
2;172;246;3
4;172;275;3
10;172;526;4
11;172;394;3
12;172;60;1
5;172;40;1
17;172;193;1
9;172;78;1
15;172;607;2
16;172;1729;2
6;172;2131;3
14;172;1502;2
3;172;6128;4
13;172;43;1
8;172;42;2
16;173;210;3
6;173;539;4
9;173;175;1
7;173;144;3
4;173;166;3
15;173;213;2
14;173;73;2
3;173;703;4
8;173;90;2
17;173;222;1
10;173;757;4
5;173;79;1
13;173;83;1
11;173;450;3
2;173;268;3
12;173;245;1
15;174;258;2
17;174;85;1
5;174;136;1
11;174;546;3
4;174;222;3
7;174;292;3
9;174;248;1
14;174;265;2
3;174;730;4
16;174;325;3
10;174;666;4
13;174;197;1
6;174;2673;4
2;174;175;3
12;174;135;1
8;174;96;2
7;175;81;3
16;175;335;3
2;175;262;3
14;175;78;2
15;175;334;2
17;175;267;1
10;175;762;4
3;175;875;4
4;175;390;3
6;175;459;4
12;175;198;1
5;175;195;1
11;175;469;3
8;175;92;2
13;175;180;1
14;176;2261;2
12;176;83;1
4;176;202;3
9;175;3045;1
9;176;3376;1
13;176;1441;1
16;176;251;3
5;176;257;1
8;176;185;2
11;176;454;3
2;176;246;3
15;176;295;2
17;176;50;1
3;176;808;4
6;176;514;4
10;176;867;4
7;176;140;3
6;177;2502;4
14;177;1708;2
5;177;2841;1
17;177;90;1
12;177;242;1
3;177;874;4
15;177;317;2
2;177;305;3
10;177;797;4
9;177;249;1
11;177;445;3
7;177;575;3
13;177;241;1
4;177;237;3
16;177;256;3
8;177;277;2
15;178;159;2
12;178;147;1
9;178;161;1
5;178;48;1
4;178;82;3
14;178;188;2
13;178;117;1
8;178;28;2
11;178;642;3
3;178;687;4
6;178;1877;4
7;178;2082;3
2;178;210;3
10;178;736;4
16;178;580;3
17;178;68;1
14;179;43;2
4;179;137;3
2;179;318;3
5;179;183;1
15;179;263;2
9;179;22;1
13;179;225;1
10;179;652;4
7;179;289;3
17;179;87;1
8;179;264;2
6;179;576;4
3;179;786;4
11;179;527;3
12;179;151;1
16;179;367;3
10;180;861;4
5;180;201;1
8;180;113;2
7;180;268;3
6;180;303;4
15;180;217;2
11;180;621;3
2;180;100;3
4;180;259;3
16;180;282;3
17;180;166;1
13;180;240;1
12;180;62;1
9;180;133;1
14;180;165;2
3;180;635;4
10;181;722;4
2;181;222;3
13;181;113;1
11;181;649;3
15;181;318;2
6;181;495;4
17;181;229;1
4;181;262;3
8;181;243;2
14;181;112;2
9;181;251;1
5;181;85;1
12;181;1090;1
16;181;1558;3
17;182;2279;1
3;181;4117;4
3;182;3496;4
13;182;33;1
9;182;48;1
15;182;4510;2
2;182;293;3
5;182;23;1
16;182;632;3
7;182;234;3
14;182;215;2
10;182;882;4
6;182;641;4
8;182;153;2
12;182;82;1
11;182;568;3
17;183;231;1
5;183;237;1
12;183;98;1
2;183;230;3
7;183;405;3
14;183;138;2
10;183;776;4
8;183;321;2
16;183;399;3
11;183;604;3
4;183;90;3
9;183;66;1
6;183;450;4
13;183;130;1
15;183;244;2
3;183;651;4
9;184;219;1
13;184;1039;1
12;184;1314;1
15;184;321;2
3;184;640;4
17;184;261;1
8;184;187;2
4;184;128;3
7;184;317;3
11;184;568;3
6;184;440;4
14;184;1140;2
10;184;2037;4
5;184;82;1
16;184;463;3
2;184;160;3
11;185;552;3
13;185;135;1
8;185;147;2
10;185;702;4
2;185;305;3
9;185;82;1
16;185;544;3
14;185;113;2
12;185;123;1
3;185;759;4
6;185;655;4
17;185;190;1
5;185;134;1
4;185;218;3
7;185;1960;3
15;185;2391;2
12;186;2004;1
9;186;218;1
15;186;157;2
11;186;483;3
10;186;681;4
8;186;341;2
5;186;192;1
16;186;330;3
2;186;217;3
4;186;182;3
14;186;144;2
3;186;727;4
17;186;48;1
13;186;160;1
6;186;452;4
7;186;123;3
13;187;225;1
17;187;204;1
15;187;167;2
3;187;782;4
14;187;174;2
10;187;2742;4
16;187;2947;3
11;187;381;3
4;187;140;3
8;187;119;2
9;187;64;1
5;187;83;1
7;187;245;3
12;187;177;1
6;187;334;4
2;187;257;3
17;188;261;1
9;188;173;1
11;188;271;3
3;188;552;4
12;188;86;1
4;188;127;3
15;188;253;2
5;188;1785;1
2;188;4897;3
6;188;5282;4
16;188;3411;3
10;188;716;4
13;188;1340;1
7;188;2182;3
8;188;1129;2
14;188;1085;2
17;189;49;1
3;189;871;4
4;189;262;3
6;189;372;4
5;189;234;1
9;189;191;1
12;189;297;1
16;189;171;3
10;189;837;4
7;189;156;3
2;189;110;3
15;189;125;2
14;189;142;2
13;189;31;1
11;189;643;3
8;189;225;2
6;190;318;4
15;190;134;2
5;190;261;1
8;190;122;2
4;190;192;3
2;190;133;3
12;190;177;1
13;190;235;1
16;190;417;3
10;190;606;4
9;190;230;1
17;190;21;1
14;190;272;2
3;190;396;4
11;190;1190;3
7;190;1499;3
17;191;15;1
8;191;126;2
11;191;420;3
4;191;249;3
7;191;282;3
13;191;141;1
9;191;192;1
2;191;280;3
14;191;31;2
12;191;174;1
15;191;205;2
10;191;3026;4
3;191;3077;4
6;191;4587;4
5;191;1276;1
16;191;3119;3
5;192;223;1
10;192;475;4
13;192;137;1
7;192;234;3
2;192;1112;3
9;192;1066;1
14;192;2373;2
11;192;3322;3
3;192;2101;4
15;192;169;2
12;192;144;1
16;192;608;2
6;192;409;3
8;192;219;2
17;192;65;1
4;192;252;3
17;193;2689;1
10;193;4056;4
13;193;1567;1
5;193;5482;1
3;193;4954;4
6;193;498;3
15;193;340;2
9;193;89;1
2;193;279;3
7;193;113;3
11;193;576;3
8;193;291;2
4;193;95;3
16;193;376;2
14;193;161;2
12;193;211;1
10;194;1006;4
14;194;84;2
11;194;667;3
6;194;455;3
4;194;196;3
16;194;317;2
12;194;259;1
17;194;143;1
13;194;96;1
2;194;174;3
3;194;2224;4
9;194;1894;1
8;194;427;2
7;194;129;3
15;194;340;2
5;194;61;1
7;195;105;3
11;195;622;3
4;195;140;3
15;195;1244;2
3;195;1932;4
8;195;294;2
10;195;823;4
6;195;327;3
13;195;160;1
9;195;183;1
5;195;170;1
16;195;361;2
14;195;145;2
17;195;240;1
2;195;290;3
12;195;19;1
17;196;22;1
6;196;456;3
9;196;131;1
12;196;125;1
4;196;324;3
13;196;38;1
14;196;122;2
2;196;1754;3
8;196;2187;2
3;196;1929;4
7;196;313;3
15;196;145;2
5;196;82;1
10;196;688;4
11;196;558;3
16;196;250;2
3;197;797;4
5;197;138;1
16;197;309;2
6;197;313;3
14;197;161;2
11;197;548;3
13;197;124;1
8;197;1894;2
9;197;1956;1
4;197;257;3
7;197;184;3
10;197;754;4
2;197;1720;3
17;197;655;1
12;197;2257;1
15;197;2217;2
16;198;274;2
15;198;297;2
13;198;137;1
11;198;668;3
9;198;232;1
17;198;63;1
5;198;260;1
10;198;661;4
6;198;452;3
3;198;718;4
4;198;302;3
14;198;280;2
8;198;380;2
2;198;262;3
12;198;241;1
7;198;246;3
11;199;3456;3
10;199;3072;4
13;199;223;1
6;199;506;3
12;199;137;1
3;199;483;3
9;199;92;1
17;199;252;1
4;199;351;3
5;199;127;1
2;199;136;3
15;199;149;2
7;199;270;3
8;199;409;2
14;199;42;2
16;199;256;2
16;200;233;2
17;200;136;1
2;200;141;3
11;200;1994;2
4;200;2215;3
10;200;400;3
14;200;166;2
7;200;237;3
13;200;76;1
3;200;572;3
5;200;226;1
8;200;380;2
6;200;470;3
9;200;36;1
15;200;193;2
12;200;206;1
9;201;70;1
10;201;455;3
15;201;247;2
12;201;169;1
16;201;3082;2
4;201;3665;3
7;201;1406;3
6;201;1716;3
14;201;186;2
8;201;444;2
13;201;1213;1
5;201;1477;1
2;201;135;3
17;201;141;1
3;201;590;3
11;201;242;2
6;202;325;3
3;202;575;3
12;202;146;1
11;202;2332;2
13;202;493;1
4;202;1511;3
8;202;4694;2
17;202;251;1
5;202;19;1
9;202;1599;1
10;202;2601;3
14;202;44;2
16;202;228;2
2;202;219;3
7;202;298;3
15;202;347;2
2;203;86;3
16;203;260;2
14;203;53;2
3;203;619;3
15;203;282;2
9;203;171;1
5;203;77;1
8;203;2286;2
6;203;2815;3
7;203;2531;3
4;203;1961;3
11;203;3171;2
12;203;144;1
10;203;562;3
17;203;265;1
13;203;81;1
12;204;146;1
14;204;226;2
16;204;212;2
17;204;213;1
8;204;228;2
6;204;204;3
15;204;203;2
2;204;308;3
11;204;261;2
13;204;174;1
7;204;319;3
4;204;108;3
9;204;208;1
3;204;537;3
5;204;14;1
10;204;505;3
15;205;138;2
13;205;145;1
8;205;4239;2
11;205;4533;2
7;205;5385;3
12;205;1051;1
4;205;5968;3
6;205;7183;3
2;205;705;3
17;205;278;1
16;205;110;2
3;205;422;4
5;205;193;1
10;205;452;4
14;205;125;2
9;205;37;1
11;206;288;3
12;206;252;1
14;206;220;2
6;206;160;3
17;206;18;1
10;206;402;4
8;206;177;2
15;206;349;2
13;206;55;1
3;206;474;4
9;206;1187;1
4;206;2527;3
7;206;2708;3
16;206;137;2
5;206;13;1
2;206;304;3
2;207;323;3
7;207;1338;3
3;207;1893;4
16;207;240;2
12;207;50;1
11;207;204;3
10;207;518;4
13;207;56;1
4;207;116;3
9;207;1107;1
5;207;523;1
6;207;283;3
8;207;2427;2
14;207;72;2
15;207;233;2
17;207;116;1
13;208;58;1
17;208;115;1
12;208;175;1
4;208;232;3
3;208;541;4
7;208;226;3
14;208;38;2
6;208;75;3
8;208;221;2
9;208;1212;1
5;208;1334;1
2;208;258;3
16;208;147;2
10;208;412;4
15;208;190;2
11;208;397;3
9;209;38;2
15;209;244;2
8;209;264;2
4;209;158;3
7;209;264;3
2;209;191;3
11;209;247;3
12;209;193;1
14;209;241;2
5;209;13;1
6;209;893;3
3;209;1399;4
16;209;74;2
13;209;96;1
10;209;622;4
17;209;168;1
15;210;183;2
17;210;334;1
9;210;80;2
3;210;457;4
11;210;244;3
16;210;195;2
13;210;226;1
8;210;117;2
12;210;137;1
7;210;110;3
10;210;611;4
2;210;302;3
4;210;127;3
5;210;171;1
14;210;132;2
6;210;64;3
11;211;187;3
4;211;136;3
13;211;248;1
15;211;114;2
17;211;161;1
6;211;275;3
14;211;216;2
8;211;166;2
7;211;147;3
3;211;474;4
2;211;257;3
9;211;137;2
12;211;51;1
10;211;624;4
5;211;200;1
16;211;239;2
8;212;110;2
12;212;152;1
2;212;260;3
14;212;267;2
11;212;404;3
10;212;586;4
17;212;168;1
16;212;181;2
7;212;74;3
13;212;32;1
9;212;139;2
15;212;302;2
5;212;85;1
4;212;95;3
6;212;50;3
3;212;449;4
13;213;22;1
5;213;22;1
2;213;234;3
17;213;13;1
12;213;185;1
3;213;578;4
14;213;87;2
9;213;223;2
7;213;292;3
16;213;233;2
15;213;283;2
10;213;493;3
6;213;210;3
8;213;230;2
11;213;292;3
4;213;316;3
6;214;77;3
3;214;497;4
2;214;219;3
17;214;147;1
7;214;258;3
8;214;296;2
9;214;219;2
14;214;78;2
13;214;755;1
12;214;1950;1
16;214;2184;2
10;214;355;3
4;214;203;3
15;214;349;2
11;214;381;3
5;214;211;1
3;215;430;4
10;215;443;3
7;215;303;3
15;215;276;2
2;215;259;3
13;215;465;1
9;215;1979;2
8;215;339;2
14;215;191;2
16;215;71;2
11;215;715;3
5;215;2052;1
17;215;2307;1
6;215;266;3
12;215;203;1
4;215;94;3
15;216;276;2
17;216;333;1
10;216;372;3
5;216;169;1
13;216;241;1
3;216;526;4
11;216;268;3
6;216;259;3
4;216;289;3
14;216;102;2
2;216;579;3
16;216;82;2
8;216;136;2
7;216;128;3
9;216;242;2
12;216;68;1
11;217;1428;3
5;217;1515;1
13;217;64;1
8;217;250;2
10;217;341;3
12;217;127;1
7;217;123;3
6;217;264;3
4;217;78;3
15;217;256;2
3;217;587;4
16;217;80;2
9;217;255;2
2;217;179;3
17;217;119;1
14;217;255;2
14;218;183;2
8;218;279;2
16;218;75;2
9;218;220;2
3;218;591;4
11;218;446;3
7;218;325;3
2;218;288;3
5;218;79;1
4;218;205;3
15;218;1335;2
10;218;413;3
13;218;4601;1
17;218;5488;1
6;218;4932;3
12;218;199;1
17;219;185;1
15;219;242;2
7;219;101;3
16;219;243;2
11;219;272;3
10;219;455;3
6;219;53;3
13;219;161;1
14;219;230;2
4;219;513;3
9;219;1465;2
2;219;1327;3
5;219;107;1
12;219;3191;1
8;219;152;2
3;219;506;4
12;220;159;1
8;220;296;2
3;220;544;4
9;220;117;2
4;220;143;3
10;220;400;3
17;220;1244;1
14;220;1536;2
16;220;545;2
13;220;3513;1
7;220;379;3
15;220;5547;2
6;220;239;3
2;220;230;3
5;220;230;1
11;220;167;3
11;221;183;3
16;221;33;2
2;221;268;3
14;221;87;2
13;221;29;1
15;221;213;2
5;221;220;1
8;221;130;2
10;221;369;3
6;221;112;3
3;221;618;4
4;221;2476;3
17;221;217;1
9;221;3066;2
7;221;1833;3
12;221;2001;1
7;222;180;3
13;222;127;1
3;222;485;4
8;222;199;2
12;222;95;1
15;222;294;2
4;222;122;3
17;222;240;1
9;222;308;2
16;222;435;2
5;222;109;1
14;222;240;2
10;222;410;3
6;222;123;3
2;222;265;3
11;222;280;3
14;223;244;2
17;223;497;1
5;223;186;1
8;223;3016;2
12;223;2757;1
10;223;1924;3
13;223;4972;1
2;223;280;3
11;223;219;3
6;223;1587;3
15;223;1912;2
4;223;94;3
9;223;262;2
3;223;386;4
7;223;280;3
16;223;281;2
12;224;213;1
9;224;256;2
6;224;2317;3
2;224;3801;3
8;224;260;2
11;224;2319;3
13;224;2333;2
16;224;33;2
5;224;226;1
17;224;185;1
10;224;324;3
7;224;122;3
15;224;117;2
3;224;496;4
14;224;87;2
4;224;181;3
13;225;271;2
9;225;139;2
10;225;550;3
11;225;264;3
2;225;77;3
16;225;173;2
15;225;155;2
12;225;195;1
5;225;257;1
6;225;69;3
3;225;515;4
14;225;86;2
4;225;136;3
17;225;194;1
8;225;154;2
7;225;258;3
16;226;1259;2
4;226;1438;3
14;226;81;2
11;226;327;3
13;226;243;2
6;226;393;4
12;226;110;1
17;226;114;1
5;226;50;1
7;226;186;3
9;226;216;2
8;226;134;2
2;226;449;3
15;226;193;2
10;226;543;4
3;226;487;4
11;227;212;3
4;227;184;3
2;227;171;3
3;227;556;4
8;227;304;2
12;227;85;1
15;227;325;2
13;227;120;2
7;227;125;3
17;227;215;1
5;227;248;1
10;227;507;4
14;227;121;2
6;227;512;4
16;227;259;3
9;227;131;2
12;228;171;1
10;228;591;4
7;228;326;3
4;228;193;3
8;228;247;2
11;228;1947;3
14;228;154;2
6;228;2622;4
16;228;2708;3
15;228;322;2
5;228;139;1
13;228;1089;2
2;228;1572;3
17;228;112;1
9;228;90;2
3;228;476;4
17;229;157;1
12;229;250;1
10;229;382;4
15;229;269;2
2;229;130;3
7;229;272;3
6;229;400;4
8;229;137;2
11;229;281;3
5;229;15;1
16;229;242;3
9;229;134;2
14;229;82;2
3;229;574;4
4;229;109;3
13;229;101;2
17;230;188;1
8;230;315;2
2;230;89;3
15;230;199;2
11;230;204;3
5;230;178;1
7;230;230;3
6;230;324;4
16;230;192;3
12;230;251;1
3;230;392;4
9;230;210;2
14;230;143;2
10;230;1632;4
6;231;868;4
10;231;893;4
4;230;3005;3
13;230;2609;2
4;231;153;3
16;231;287;3
8;231;317;2
12;231;225;1
15;231;282;2
2;231;311;3
5;231;120;1
17;231;140;1
9;231;203;2
14;231;258;2
7;231;98;3
11;231;368;3
13;231;209;2
3;231;401;4
5;232;177;1
3;232;499;4
17;232;72;1
4;232;245;3
6;232;398;4
8;232;164;2
7;232;171;3
2;232;2427;3
14;232;161;2
10;232;401;4
12;232;193;1
11;232;403;3
9;232;1811;2
13;232;2304;2
16;232;3057;3
8;233;1186;2
15;232;4724;2
5;233;181;1
13;233;126;2
17;233;86;1
14;233;40;2
7;233;746;5
15;233;560;4
11;233;187;3
2;233;178;3
6;233;439;4
12;233;166;1
10;233;595;4
3;233;2195;4
16;233;2245;3
4;233;1273;3
9;233;1358;2
16;234;190;3
13;234;252;2
14;234;142;2
5;234;227;1
9;234;58;1
8;234;145;2
11;234;2049;3
7;234;1405;5
10;234;1040;4
2;234;1751;3
6;234;2755;4
3;234;834;4
4;234;326;3
15;234;553;4
12;234;57;1
17;234;189;1
13;235;139;2
3;235;488;4
8;235;152;2
15;235;473;4
10;235;594;4
11;235;403;3
14;235;170;2
4;235;84;3
17;235;59;1
7;235;560;5
2;235;109;3
6;235;332;4
5;235;201;1
9;235;85;1
16;235;215;3
12;235;57;1
12;236;152;1
6;236;708;4
11;236;634;3
13;236;137;2
5;236;154;1
3;236;537;4
2;236;445;3
16;236;346;3
10;236;571;4
8;236;182;2
9;236;105;1
15;236;416;4
17;236;162;1
14;236;54;2
7;236;570;5
4;236;134;3
13;237;235;2
10;237;407;4
8;237;327;2
14;237;72;2
16;237;409;3
9;237;105;1
11;237;317;3
6;237;520;4
15;237;1930;4
12;237;1343;1
7;237;1927;5
2;237;2168;3
5;237;4276;1
3;237;4947;4
8;238;498;2
5;238;483;1
17;237;7373;1
4;237;6322;3
16;238;391;3
12;238;13;1
9;238;127;1
3;238;608;4
6;238;416;4
15;238;448;4
10;238;531;4
17;238;169;1
4;238;124;3
13;238;118;2
2;238;146;3
14;238;180;2
11;238;334;3
14;239;87;2
13;239;211;2
7;238;2205;5
4;239;320;3
16;239;366;3
8;239;120;2
15;239;440;4
17;239;2071;1
5;239;1937;1
3;239;3823;4
10;239;1508;4
12;239;211;1
7;239;2279;5
2;239;91;3
11;239;410;3
6;239;488;3
9;239;30;1
